module,kind,name,size,align,members,file,line
js-rt,struct,JsIfNode,80,8,2,lambda/js/js_ast.hpp,38
js-rt,struct,JsTemplateLiteralNode,56,8,2,lambda/js/js_ast.hpp,57
js-rt,struct,JsTemplateElementNode,64,8,3,lambda/js/js_ast.hpp,63
js-rt,struct,JsTaggedTemplateNode,56,8,2,lambda/js/js_ast.hpp,70
js-rt,struct,JsClassNode,96,8,1,lambda/js/js_ast.hpp,76
js-rt,struct,JsStaticBlockNode,48,8,1,lambda/js/js_ast.hpp,87
js-rt,struct,JsCatchNode,64,8,1,lambda/js/js_ast.hpp,92
js-rt,struct,JsSwitchNode,72,8,1,lambda/js/js_ast.hpp,102
js-rt,struct,JsForOfNode,88,8,1,lambda/js/js_ast.hpp,109
js-rt,struct,JsLabeledStatementNode,64,8,3,lambda/js/js_ast.hpp,123
js-rt,struct,JsWithStatementNode,56,8,2,lambda/js/js_ast.hpp,130
js-rt,struct,JsRegexNode,72,8,4,lambda/js/js_ast.hpp,136
js-rt,struct,JsAstParameterFacts,32,8,7,lambda/js/js_ast.hpp,162
js-rt,enum,JsAstObservation,4,4,3,lambda/js/js_ast.hpp,187
js-rt,struct,JsAstFunctionFacts,16,4,7,lambda/js/js_ast.hpp,192
js-rt,enum,JsSuspensionKind,4,4,2,lambda/js/js_ast.hpp,212
js-rt,enum,ChildKind,1,1,2,lambda/js/js_ast_children.cpp,18
js-rt,struct,ChildSlot,16,8,2,lambda/js/js_ast_children.cpp,27
js-rt,struct,ChildRow,72,8,3,lambda/js/js_ast_children.cpp,32
js-rt,struct,CoreVisitContext,32,8,4,lambda/js/js_ast_children.cpp,73
js-rt,struct,VisitContext,16,8,2,lambda/js/js_ast_children.cpp,114
js-rt,struct,JsAstFunctionFactWalk,24,8,6,lambda/js/js_ast_children.cpp,156
js-rt,enum,RxType,4,4,11,lambda/js/js_bt_regex.cpp,29
js-rt,struct,RxClass,16,8,3,lambda/js/js_bt_regex.cpp,43
js-rt,struct,RxSeq,16,8,2,lambda/js/js_bt_regex.cpp,49
js-rt,struct,RxDisj,16,8,2,lambda/js/js_bt_regex.cpp,54
js-rt,struct,RxNode,72,8,14,lambda/js/js_bt_regex.cpp,59
js-rt,struct,JsBtNamed,16,8,3,lambda/js/js_bt_regex.cpp,79
js-rt,struct,JsBtRegex,48,8,6,lambda/js/js_bt_regex.cpp,81
js-rt,struct,Parser,64,8,10,lambda/js/js_bt_regex.cpp,219
js-rt,struct,MatchCtx,72,8,14,lambda/js/js_bt_regex.cpp,837
js-rt,struct,Cont,64,8,10,lambda/js/js_bt_regex.cpp,851
js-rt,enum,Kind,4,4,3,lambda/js/js_bt_regex.cpp,852
js-rt,struct,JsBtFlags,5,1,5,lambda/js/js_bt_regex.h,26
js-rt,enum,JsBtExecResult,4,4,4,lambda/js/js_bt_regex.h,34
js-rt,enum,JsConstructorId,4,4,59,lambda/js/js_builtin_catalog.hpp,9
js-rt,enum,JsBuiltinOwner,4,4,66,lambda/js/js_builtin_catalog.hpp,71
js-rt,enum,JsBuiltinMirLoweringKind,4,4,3,lambda/js/js_builtin_catalog.hpp,87
js-rt,enum,JsBuiltinPropertyKind,4,4,2,lambda/js/js_builtin_catalog.hpp,93
js-rt,enum,JsBuiltinId,4,4,520,lambda/js/js_builtin_catalog.hpp,98
js-rt,enum,JsBuiltinGlobalKind,4,4,3,lambda/js/js_builtin_catalog.hpp,114
js-rt,enum,JsBuiltinGlobalId,4,4,95,lambda/js/js_builtin_catalog.hpp,129
js-rt,enum,JsIntrinsicBindingAlias,4,4,7,lambda/js/js_builtin_catalog.hpp,145
js-rt,enum,(anonymous),4,4,1,lambda/js/js_builtin_catalog.hpp,155
js-rt,struct,JsBuiltinMethodSpec,56,8,9,lambda/js/js_builtin_catalog.hpp,170
js-rt,struct,JsIntrinsicTargetSpec,32,8,4,lambda/js/js_builtin_catalog.hpp,182
js-rt,struct,JsBuiltinGlobalSpec,40,8,8,lambda/js/js_builtin_catalog.hpp,210
js-rt,struct,JsCParseValue,24,8,3,lambda/js/js_c_parser.cpp,16
js-rt,struct,JsCAstSink,80,8,11,lambda/js/js_c_parser.cpp,22
js-rt,struct,JsCCompilePassContext,48,8,6,lambda/js/js_c_parser.cpp,1961
js-rt,enum,JsClass,1,1,104,lambda/js/js_class.h,18
js-rt,enum,JsErrorOwnProperty,1,1,4,lambda/js/js_class.h,462
js-rt,enum,JsHint,4,4,3,lambda/js/js_coerce.h,23
js-rt,struct,JsDirectScopeFixups,24,8,3,lambda/js/js_direct_scope.cpp,14
js-rt,enum,DirectPatternWalkMode,4,4,4,lambda/js/js_direct_scope.cpp,124
js-rt,struct,DirectPatternWalk,40,8,8,lambda/js/js_direct_scope.cpp,131
js-rt,struct,JsEvalInitializerScan,4,1,4,lambda/js/js_dynamic_code.cpp,323
js-rt,enum,EarlyErrorNameKind,4,4,3,lambda/js/js_early_errors.cpp,25
js-rt,struct,EarlyErrorNameFact,24,8,4,lambda/js/js_early_errors.cpp,33
js-rt,struct,EarlyErrorNameLedger,16,8,2,lambda/js/js_early_errors.cpp,40
js-rt,struct,EarlyErrorCtx,48,8,13,lambda/js/js_early_errors.cpp,46
js-rt,struct,JsEventLoopCallbackScope,1,1,1,lambda/js/js_event_loop.cpp,117
js-rt,struct,JsTimerHandle,288,8,14,lambda/js/js_event_loop.cpp,340
js-rt,struct,JsTimerRuntimeScope,16,8,2,lambda/js/js_event_loop.cpp,416
js-rt,struct,JsUvDumpState,4,4,1,lambda/js/js_event_loop.cpp,1410
js-rt,struct,JsCloseRefedState,16,8,2,lambda/js/js_event_loop.cpp,1447
js-rt,struct,JsRefedHandleState,1,1,1,lambda/js/js_event_loop.cpp,1483
js-rt,struct,JsDrainWatchdogState,24,8,3,lambda/js/js_event_loop.cpp,1518
js-rt,struct,JsPumpWaitState,1,1,1,lambda/js/js_event_loop.cpp,1666
js-rt,enum,JsOptEvent,4,4,103,lambda/js/js_exec_profile.h,12
js-rt,enum,JsOptReason,4,4,18,lambda/js/js_exec_profile.h,131
js-rt,enum,JsOptTraceOutcome,4,4,2,lambda/js/js_exec_profile.h,152
js-rt,struct,JsOptTraceCounter,32,8,4,lambda/js/js_exec_profile.h,157
js-rt,enum,JsFunctionBodyKind,1,1,2,lambda/js/js_function.hpp,18
js-rt,union,JsNativeTarget,8,8,12,lambda/js/js_function.hpp,45
js-rt,enum,JsNativeCallPolicy,1,1,6,lambda/js/js_function.hpp,60
js-rt,struct,JsBoundData,40,8,4,lambda/js/js_function.hpp,72
js-rt,struct,JsClassData,40,8,5,lambda/js/js_function.hpp,81
js-rt,struct,JsWithData,16,8,2,lambda/js/js_function.hpp,92
js-rt,struct,JsNativeCode,32,8,5,lambda/js/js_function.hpp,102
js-rt,struct,JsAstBody,32,8,4,lambda/js/js_function.hpp,113
js-rt,struct,JsCallableCode,184,8,22,lambda/js/js_function.hpp,123
js-rt,struct,JsFunctionPayload,48,8,6,lambda/js/js_function.hpp,181
js-rt,struct,JsFunction,160,8,12,lambda/js/js_function.hpp,190
js-rt,struct,JsLazyGlobalSpec,32,8,4,lambda/js/js_globals.cpp,97
js-rt,struct,JsDefineExistingState,5,1,5,lambda/js/js_globals.cpp,464
js-rt,enum,JsConsoleLevel,4,4,4,lambda/js/js_globals.cpp,4570
js-rt,struct,(anonymous),16,8,2,lambda/js/js_globals.cpp,5929
js-rt,struct,JsForInSeenEntry,16,8,2,lambda/js/js_globals.cpp,8422
js-rt,struct,JsForInSeenMap,8,8,1,lambda/js/js_globals.cpp,8444
js-rt,enum,JsOwnEnumerability,4,4,3,lambda/js/js_globals.cpp,8667
js-rt,struct,JsGroupByOps,24,8,3,lambda/js/js_globals.cpp,9038
js-rt,struct,JsJsonSourceList,40,8,1,lambda/js/js_globals.cpp,11196
js-rt,struct,JsJsonSourceEntry,32,8,4,lambda/js/js_globals.cpp,11200
js-rt,struct,JsJsonReviveState,48,8,2,lambda/js/js_globals.cpp,11207
js-rt,struct,JsMessagePortEventSpec,24,8,3,lambda/js/js_globals.cpp,13256
js-rt,struct,MapSnapshot,32,8,5,lambda/js/js_globals.cpp,15868
js-rt,struct,JsFunctionSnapshot,56,8,4,lambda/js/js_globals.cpp,15878
js-rt,struct,JsPrototypeFunctionSnapshot,96,8,2,lambda/js/js_globals.cpp,15885
js-rt,struct,JsPrototypeSnapshotState,11496,8,13,lambda/js/js_globals.cpp,15890
js-rt,struct,JsWellKnownSymbolSpec,16,8,3,lambda/js/js_globals.cpp,17071
js-rt,enum,JsInterpCompletionKind,1,1,5,lambda/js/js_interp.cpp,30
js-rt,struct,JsInterpCompletion,32,8,4,lambda/js/js_interp.cpp,38
js-rt,struct,JsInterpFrame,120,8,15,lambda/js/js_interp.cpp,45
js-rt,struct,JsInterpLoopHandoff,32,8,4,lambda/js/js_interp.cpp,84
js-rt,enum,JsInterpLookupKind,1,1,4,lambda/js/js_interp.cpp,102
js-rt,struct,JsInterpLookup,32,8,4,lambda/js/js_interp.cpp,109
js-rt,struct,JsInterpReference,96,8,15,lambda/js/js_interp.cpp,118
js-rt,struct,JsInterpEnvRoot,16,8,2,lambda/js/js_interp.cpp,151
js-rt,struct,JsInterpLoopCaptureProbe,16,8,3,lambda/js/js_interp.cpp,589
js-rt,enum,JsInterpEvalVars,1,1,5,lambda/js/js_interp.cpp,930
js-rt,struct,JsInterpMemberResult,40,8,2,lambda/js/js_interp.cpp,1604
js-rt,struct,JsInterpPrivateEvalBridge,1,1,1,lambda/js/js_interp.cpp,2354
js-rt,enum,JsInterpLinkedVarsTarget,1,1,3,lambda/js/js_interp.cpp,2516
js-rt,struct,JsInterpLinkedVars,24,8,3,lambda/js/js_interp.cpp,2522
js-rt,enum,JsInterpEvalVarClash,1,1,4,lambda/js/js_interp.cpp,2543
js-rt,struct,JsInterpPatternSupportState,2,1,2,lambda/js/js_interp.cpp,4964
js-rt,struct,JsP2AdmissionScan,24,8,3,lambda/js/js_interp.cpp,5167
js-rt,enum,(anonymous),4,4,1,lambda/js/js_interp.cpp,5499
js-rt,struct,JsLoopLiveInScan,568,8,7,lambda/js/js_interp.cpp,5501
js-rt,class,JsInterpCapturedWithScope,40,8,2,lambda/js/js_interp.cpp,6104
js-rt,class,JsModuleBodyScope,32,8,2,lambda/js/js_interp.cpp,6229
js-rt,struct,JsInterpPrepareCall,48,8,7,lambda/js/js_interp.cpp,6387
js-rt,enum,JsInterpSourceRole,1,1,4,lambda/js/js_interp.cpp,6480
js-rt,struct,JsInterpStarExportName,24,8,3,lambda/js/js_interp.cpp,6647
js-rt,struct,JsInterpEnv,88,8,14,lambda/js/js_interp_env.h,12
js-rt,struct,JmIndexedBodyLocals,16,8,3,lambda/js/js_mir_analysis.cpp,268
js-rt,struct,JsMirLeaseSession,72,8,3,lambda/js/js_mir_cache.cpp,15
js-rt,struct,JsMirScalarResultHome,8,4,2,lambda/js/js_mir_calls_boxing_types.cpp,58
js-rt,enum,JsModuleConstType,4,4,2,lambda/js/js_mir_context.hpp,50
js-rt,struct,JsMirBindingRef,32,8,4,lambda/js/js_mir_context.hpp,57
js-rt,union,(anonymous),8,8,2,lambda/js/js_mir_context.hpp,61
js-rt,struct,JsModuleConstEntry,64,8,9,lambda/js/js_mir_context.hpp,69
js-rt,struct,JsNameSetEntry,48,8,3,lambda/js/js_mir_context.hpp,90
js-rt,struct,JsMirResumableLocal,16,8,2,lambda/js/js_mir_context.hpp,100
js-rt,struct,JsClosureCapture,24,8,6,lambda/js/js_mir_context.hpp,115
js-rt,struct,JsClosureTracker,40,8,8,lambda/js/js_mir_context.hpp,127
js-rt,struct,JsLocalFuncEntry,16,8,2,lambda/js/js_mir_context.hpp,140
js-rt,struct,JsMirTdzClosureCapture,32,8,6,lambda/js/js_mir_context.hpp,147
js-rt,enum,JsErrorLaneTrack,4,4,4,lambda/js/js_mir_context.hpp,156
js-rt,struct,JsLoopLabels,48,8,9,lambda/js/js_mir_context.hpp,166
js-rt,struct,JsWithLowering,8,4,2,lambda/js/js_mir_context.hpp,183
js-rt,struct,JsMirIteratorFrame,4,4,1,lambda/js/js_mir_context.hpp,191
js-rt,struct,JsFuncCollected,104,8,15,lambda/js/js_mir_context.hpp,196
js-rt,enum,JsClassMemberKind,4,4,4,lambda/js/js_mir_context.hpp,336
js-rt,struct,JsClassMember,80,8,15,lambda/js/js_mir_context.hpp,343
js-rt,struct,JsClassEntry,72,8,13,lambda/js/js_mir_context.hpp,362
js-rt,struct,JsTryContext,80,8,17,lambda/js/js_mir_context.hpp,386
js-rt,struct,JsMirArgStackScope,24,8,5,lambda/js/js_mir_context.hpp,416
js-rt,enum,JsMirNameCacheDomain,1,1,2,lambda/js/js_mir_context.hpp,424
js-rt,enum,(anonymous),4,4,1,lambda/js/js_mir_context.hpp,429
js-rt,struct,JsMirNameCacheEntry,12,4,3,lambda/js/js_mir_context.hpp,434
js-rt,struct,JsMirNameCache,408,8,4,lambda/js/js_mir_context.hpp,440
js-rt,struct,JsMirFunctionEmitter,1624,8,4,lambda/js/js_mir_context.hpp,481
js-rt,struct,JsMirCursor,48,8,7,lambda/js/js_mir_context.hpp,498
js-rt,struct,JsMirTranspiler,664,8,90,lambda/js/js_mir_context.hpp,508
js-rt,struct,JsFuncChildIterator,16,8,3,lambda/js/js_mir_context.hpp,737
js-rt,struct,JsTest262Intercept,32,8,7,lambda/js/js_mir_expression_lowering.cpp,266
js-rt,struct,JsClassMetadataNameRun,24,8,4,lambda/js/js_mir_expression_lowering.cpp,771
js-rt,struct,JmWriteReferenceRhsScan,2,1,2,lambda/js/js_mir_expression_lowering.cpp,1221
js-rt,enum,(anonymous),4,4,3,lambda/js/js_mir_expression_lowering.cpp,2581
js-rt,struct,JsMirLiteralShapePlan,24,8,3,lambda/js/js_mir_expression_lowering.cpp,3083
js-rt,struct,JsMirLiteralShapeMapEntry,16,8,2,lambda/js/js_mir_expression_lowering.cpp,3091
js-rt,struct,JsMirStaticShapeField,16,8,2,lambda/js/js_mir_expression_lowering.cpp,3146
js-rt,struct,JmConstructorShapeRhsScan,2,1,2,lambda/js/js_mir_expression_lowering.cpp,3800
js-rt,struct,JsMirBranchState,88,8,5,lambda/js/js_mir_expression_lowering.cpp,9441
js-rt,struct,JsSequenceLowering,80,8,2,lambda/js/js_mir_expression_lowering.cpp,10434
js-rt,struct,JmIndexedLexicalNames,16,8,2,lambda/js/js_mir_function_class_lowering.cpp,686
js-rt,struct,JsMirResumableLayout,32,4,8,lambda/js/js_mir_function_class_lowering.cpp,1096
js-rt,struct,JsMirResumableStateMachine,176,8,3,lambda/js/js_mir_function_class_lowering.cpp,1124
js-rt,struct,JsMirFunctionStateSnapshot,88,8,16,lambda/js/js_mir_function_class_lowering.cpp,1184
js-rt,struct,JmBigIntLiteralScan,8,4,2,lambda/js/js_mir_function_collection_class_inference.cpp,684
js-rt,struct,JmParamInferenceBinding,16,8,3,lambda/js/js_mir_function_collection_class_inference.cpp,716
js-rt,enum,JmNumericReturnFact,4,4,3,lambda/js/js_mir_function_collection_class_inference.cpp,1520
js-rt,enum,(anonymous),4,4,3,lambda/js/js_mir_function_collection_class_inference.cpp,1526
js-rt,struct,JmNumericReturnCandidate,272,8,6,lambda/js/js_mir_function_collection_class_inference.cpp,1532
js-rt,struct,JmNumericReturnContext,416,8,7,lambda/js/js_mir_function_collection_class_inference.cpp,1541
js-rt,struct,ActiveJsTranspileOwner,24,8,3,lambda/js/js_mir_internal.hpp,53
js-rt,struct,JsMirCompileRecoveryState,40,8,5,lambda/js/js_mir_internal.hpp,62
js-rt,enum,JsMirReferenceKind,4,4,3,lambda/js/js_mir_internal.hpp,82
js-rt,struct,JsMirReference,56,8,17,lambda/js/js_mir_internal.hpp,88
js-rt,struct,JsClosureCheckpoint,16,4,4,lambda/js/js_mir_internal.hpp,117
js-rt,struct,JsMirLexicalThisRebind,24,4,7,lambda/js/js_mir_internal.hpp,124
js-rt,enum,JsMirSuspendKind,4,4,4,lambda/js/js_mir_internal.hpp,134
js-rt,enum,JsMirCompletionKind,4,4,5,lambda/js/js_mir_internal.hpp,141
js-rt,enum,JsMirClassMethodInstallMode,4,4,2,lambda/js/js_mir_internal.hpp,149
js-rt,enum,JsMirComputedKeyOrder,4,4,2,lambda/js/js_mir_internal.hpp,154
js-rt,struct,JsMirClassMethodInstallPolicy,40,8,7,lambda/js/js_mir_internal.hpp,159
js-rt,struct,JsMirClassSetup,24,8,3,lambda/js/js_mir_internal.hpp,771
js-rt,struct,LoopBindingProbe,16,8,2,lambda/js/js_mir_module_batch_lowering.cpp,420
js-rt,enum,(anonymous),4,4,3,lambda/js/js_mir_module_batch_lowering.cpp,544
js-rt,enum,JsMirAnalysisStage,4,4,5,lambda/js/js_mir_module_batch_lowering.cpp,1096
js-rt,struct,JsP2ModuleVarRemap,32,8,4,lambda/js/js_mir_module_batch_lowering.cpp,3518
js-rt,struct,JsSatelliteCompile,64,8,8,lambda/js/js_mir_module_batch_lowering.cpp,3702
js-rt,class,JsModuleMirBuildScope,32,8,2,lambda/js/js_mir_module_batch_lowering.cpp,3822
js-rt,struct,JsModuleMirCacheWalk,1,1,1,lambda/js/js_mir_module_batch_lowering.cpp,3834
js-rt,struct,JsMirSwitchCaseRow,16,8,2,lambda/js/js_mir_statement_lowering.cpp,12
js-rt,struct,JsMirUsingResourceRow,4,4,1,lambda/js/js_mir_statement_lowering.cpp,25
js-rt,struct,JmAssignmentTargetFind,8,8,1,lambda/js/js_mir_statement_lowering.cpp,237
js-rt,struct,JmNativeMutationScan,32,8,6,lambda/js/js_mir_statement_lowering.cpp,281
js-rt,struct,JmGuardedWhileScan,24,8,5,lambda/js/js_mir_statement_lowering.cpp,1230
js-rt,enum,JsClassFamily,1,1,11,lambda/js/js_object_meta.h,9
js-rt,enum,JsClassFlags,2,2,5,lambda/js/js_object_meta.h,23
js-rt,enum,JsPrototypePolicy,1,1,6,lambda/js/js_object_meta.h,31
js-rt,enum,JsPropertyOpDisposition,1,1,2,lambda/js/js_object_meta.h,40
js-rt,struct,JsPropertyOpResult,16,8,2,lambda/js/js_object_meta.h,45
js-rt,struct,JsPropertyOps,88,8,11,lambda/js/js_object_meta.h,56
js-rt,struct,JsClassMeta,16,8,5,lambda/js/js_object_meta.h,71
js-rt,class,JsAccessorPairRoot,16,8,2,lambda/js/js_property_attrs.cpp,586
js-rt,enum,JsPropertyOperation,4,4,8,lambda/js/js_props.h,81
js-rt,enum,JsOwnGetStatus,4,4,3,lambda/js/js_props.h,102
js-rt,enum,JsShapeSlotStatus,4,4,4,lambda/js/js_props.h,114
js-rt,enum,JsSetterDispatchStatus,4,4,4,lambda/js/js_props.h,174
js-rt,struct,JsSetterDispatchResult,16,8,2,lambda/js/js_props.h,187
js-rt,enum,JsOwnDescKind,4,4,4,lambda/js/js_props.h,205
js-rt,enum,JsOwnSlotStatus,4,4,3,lambda/js/js_props.h,225
js-rt,struct,JsPropertyDescriptor,32,8,6,lambda/js/js_props.h,252
js-rt,enum,(anonymous),4,4,1,lambda/js/js_regex_generated_properties.h,6
js-rt,struct,JsRegexGeneratedPropertyTable,24,8,3,lambda/js/js_regex_generated_property_tables.inc,5
js-rt,struct,JsRegexScannerSummary,3,1,3,lambda/js/js_regex_router_scanner.cpp,9
js-rt,struct,JsRegexScannerFrame,9,1,5,lambda/js/js_regex_router_scanner.cpp,15
js-rt,struct,JsRegexScannerFrameStack,160,8,4,lambda/js/js_regex_router_scanner.cpp,23
js-rt,struct,JsRegexScannerQuantifier,12,4,3,lambda/js/js_regex_router_scanner.cpp,67
js-rt,enum,JsRegexScannerQuantifierParse,4,4,3,lambda/js/js_regex_router_scanner.cpp,77
js-rt,enum,JsRegexScannerReason,4,4,9,lambda/js/js_regex_router_scanner.h,4
js-rt,struct,JsRegexScannerAnalysis,8,4,2,lambda/js/js_regex_router_scanner.h,16
js-rt,struct,JsVFlagStringProperty,32,8,4,lambda/js/js_regex_string_properties.inc,12
js-rt,struct,CodePointRanges,24,8,1,lambda/js/js_regex_wrapper.cpp,90
js-rt,struct,VClassResult,56,8,3,lambda/js/js_regex_wrapper.cpp,289
js-rt,struct,JsRegExpNameRef,16,8,3,lambda/js/js_regexp_compile.cpp,12
js-rt,struct,JsRegExpNameList,8,8,1,lambda/js/js_regexp_compile.cpp,20
js-rt,struct,JsRegExpCompileInfo,532,4,11,lambda/js/js_regexp_compile.h,9
js-rt,struct,JsProxyMapCarrier,64,8,2,lambda/js/js_runtime.cpp,103
js-rt,struct,JsGeneratorMapCarrier,176,8,2,lambda/js/js_runtime.cpp,112
js-rt,struct,JsArrayRuntimeItemsHeader,24,8,3,lambda/js/js_runtime.cpp,344
js-rt,struct,JsArrayImmortalPropsHeader,56,8,7,lambda/js/js_runtime.cpp,350
js-rt,struct,JsCollectionOrderNode,48,8,3,lambda/js/js_runtime.cpp,1048
js-rt,enum,JsCollectionNodeSlot,4,4,3,lambda/js/js_runtime.cpp,1056
js-rt,struct,JsCollectionData,32,8,5,lambda/js/js_runtime.cpp,1062
js-rt,struct,JsCollectionMap,40,8,2,lambda/js/js_runtime.cpp,1073
js-rt,enum,JsArrayIterativeMethodKind,4,4,5,lambda/js/js_runtime.cpp,1641
js-rt,struct,JsRootedItems,96,8,4,lambda/js/js_runtime.cpp,1662
js-rt,enum,JsStringIntrinsicOp,4,4,48,lambda/js/js_runtime.cpp,1787
js-rt,enum,JsIntrinsicConstructPolicy,4,4,39,lambda/js/js_runtime.cpp,2902
js-rt,enum,JsDynamicFunctionKind,4,4,3,lambda/js/js_runtime.cpp,3337
js-rt,enum,JsBuiltinProtoValueKind,4,4,4,lambda/js/js_runtime.cpp,4949
js-rt,enum,JsBuiltinProtoPropertyFlags,4,4,3,lambda/js/js_runtime.cpp,4956
js-rt,struct,JsBuiltinProtoSpec,24,8,4,lambda/js/js_runtime.cpp,4962
js-rt,struct,JsArraySparseHashEntry,16,8,2,lambda/js/js_runtime.cpp,6227
js-rt,enum,(anonymous),4,4,3,lambda/js/js_runtime.cpp,8514
js-rt,struct,JsFormalArgs,64,8,4,lambda/js/js_runtime.cpp,10429
js-rt,enum,JsIndexedIntrinsicOp,4,4,49,lambda/js/js_runtime.cpp,10923
js-rt,enum,JsArrayGenericDispatchMode,4,4,3,lambda/js/js_runtime.cpp,10999
js-rt,enum,JsTypedArrayAccessorOp,4,4,4,lambda/js/js_runtime.cpp,11316
js-rt,enum,JsDataViewAccessorOp,4,4,3,lambda/js/js_runtime.cpp,11385
js-rt,enum,JsObjectStaticOp,4,4,17,lambda/js/js_runtime.cpp,12009
js-rt,enum,JsArrayBufferIntrinsicOp,4,4,14,lambda/js/js_runtime.cpp,12736
js-rt,enum,JsCollectionSizeKind,4,4,3,lambda/js/js_runtime.cpp,12998
js-rt,enum,JsPromiseIntrinsicOp,4,4,10,lambda/js/js_runtime.cpp,13281
js-rt,enum,JsReflectIntrinsicOp,4,4,13,lambda/js/js_runtime.cpp,13369
js-rt,enum,JsGeneratorIntrinsicOp,4,4,3,lambda/js/js_runtime.cpp,13455
js-rt,enum,JsRegExpIntrinsicOp,4,4,20,lambda/js/js_runtime.cpp,13530
js-rt,struct,JsWithActivation,48,8,3,lambda/js/js_runtime.cpp,14208
js-rt,class,JsCallActivationScope,96,8,1,lambda/js/js_runtime.cpp,14584
js-rt,enum,JsRegexSimpleClassKind,4,4,4,lambda/js/js_runtime.cpp,15472
js-rt,struct,JsRegexNameAlias,32,8,4,lambda/js/js_runtime.cpp,15481
js-rt,struct,JsRegexData,72,8,23,lambda/js/js_runtime.cpp,15488
js-rt,struct,JsRegExpMapCarrier,48,8,3,lambda/js/js_runtime.cpp,15517
js-rt,struct,JsRegexCacheEntry,40,8,9,lambda/js/js_runtime.cpp,15600
js-rt,enum,JsRegexSpecialPropertyKind,4,4,73,lambda/js/js_runtime.cpp,15748
js-rt,struct,Re2PermanentEntry,32,8,12,lambda/js/js_runtime.cpp,16719
js-rt,enum,JsRegexMatchResult,4,4,3,lambda/js/js_runtime.cpp,16793
js-rt,struct,JsRegexNameAliasList,8,8,1,lambda/js/js_runtime.cpp,17803
js-rt,struct,JsCollectionEntry,8,8,1,lambda/js/js_runtime.cpp,20521
js-rt,enum,JsTypedArrayCallbackKind,4,4,9,lambda/js/js_runtime.cpp,21084
js-rt,struct,JsStringHtmlWrapper,40,8,5,lambda/js/js_runtime.cpp,22898
js-rt,struct,JsArraySparseKeyCursor,64,8,9,lambda/js/js_runtime.cpp,24437
js-rt,struct,JsIntlLanguageDisplayName,16,8,2,lambda/js/js_runtime.cpp,26749
js-rt,enum,JsMathIntrinsicOp,4,4,35,lambda/js/js_runtime.cpp,27330
js-rt,enum,(anonymous),4,4,2,lambda/js/js_runtime.cpp,27621
js-rt,struct,JsProtoEntryCache,24,8,3,lambda/js/js_runtime.cpp,27626
js-rt,enum,JsIteratorCacheSlot,4,4,11,lambda/js/js_runtime.cpp,28492
js-rt,enum,JsGeneratorSignalKind,4,4,2,lambda/js/js_runtime.cpp,28798
js-rt,struct,JsIterData,24,8,3,lambda/js/js_runtime.cpp,29453
js-rt,struct,JsIteratorMapCarrier,56,8,2,lambda/js/js_runtime.cpp,29459
js-rt,struct,JsPromisePropertyContext,32,8,4,lambda/js/js_runtime.cpp,30183
js-rt,enum,JsPromiseCapabilityAction,4,4,2,lambda/js/js_runtime.cpp,30560
js-rt,struct,JsAsyncFrameCarrier,208,8,2,lambda/js/js_runtime.cpp,31749
js-rt,enum,JsPromiseElementMode,4,4,6,lambda/js/js_runtime.cpp,32172
js-rt,enum,JsStaticObjectValueKind,4,4,2,lambda/js/js_runtime.h,260
js-rt,struct,JsStaticObjectProperty,40,8,6,lambda/js/js_runtime.h,265
js-rt,enum,JsStaticLiteralKind,4,4,5,lambda/js/js_runtime.h,278
js-rt,struct,JsStaticLiteralRecipe,48,8,8,lambda/js/js_runtime.h,286
js-rt,enum,(anonymous),4,4,13,lambda/js/js_runtime.h,477
js-rt,struct,JsMirPhaseTiming,184,8,23,lambda/js/js_runtime.h,964
js-rt,struct,JsMirVolumeCounters,16,8,2,lambda/js/js_runtime.h,1010
js-rt,enum,(anonymous),4,4,3,lambda/js/js_runtime.h,1166
js-rt,struct,JsProxyData,32,8,6,lambda/js/js_runtime.h,1266
js-rt,struct,JsBuiltinOwnerBinding,32,8,6,lambda/js/js_runtime_builtin_registry.cpp,380
js-rt,struct,JsCallableCodeEntry,32,8,4,lambda/js/js_runtime_function.cpp,432
js-rt,enum,JsFunctionCacheKind,1,1,2,lambda/js/js_runtime_function.cpp,634
js-rt,enum,JsNumericPrototypeOp,4,4,6,lambda/js/js_runtime_internal.hpp,154
js-rt,struct,JsAmbient,56,8,11,lambda/js/js_runtime_state.cpp,25
js-rt,struct,JsErrorTextParts,32,8,4,lambda/js/js_runtime_state.cpp,1108
js-rt,class,JsModuleNamespaceScope,16,8,2,lambda/js/js_runtime_state.hpp,37
js-rt,struct,JsTemplateRegistryEntry,32,8,4,lambda/js/js_runtime_state.hpp,53
js-rt,struct,JsTemplateRegistry,80,8,2,lambda/js/js_runtime_state.hpp,62
js-rt,struct,JsAstLiteralCacheEntry,40,8,5,lambda/js/js_runtime_state.hpp,67
js-rt,struct,JsAstLiteralCache,80,8,2,lambda/js/js_runtime_state.hpp,78
js-rt,struct,JsEventLoopState,168,8,18,lambda/js/js_runtime_state.hpp,83
js-rt,struct,JsRegexpLastMatch,88,8,4,lambda/js/js_runtime_state.hpp,110
js-rt,enum,JsRealmSlotId,4,4,73,lambda/js/js_runtime_state.hpp,122
js-rt,struct,JsRealmSlots,80,8,2,lambda/js/js_runtime_state.hpp,207
js-rt,struct,JsWithFrame,32,8,5,lambda/js/js_runtime_state.hpp,247
js-rt,enum,(anonymous),4,4,1,lambda/js/js_runtime_state.hpp,258
js-rt,struct,JsCompiledArtifact,16,8,2,lambda/js/js_runtime_state.hpp,269
js-rt,struct,JsCodeStore,8,8,1,lambda/js/js_runtime_state.hpp,274
js-rt,struct,JsHostHooksState,24,8,3,lambda/js/js_runtime_state.hpp,290
js-rt,struct,JsClipboardState,144,8,9,lambda/js/js_runtime_state.hpp,298
js-rt,struct,JsDomState,160,8,11,lambda/js/js_runtime_state.hpp,312
js-rt,struct,JsDomStorageEntry,16,8,2,lambda/js/js_runtime_state.hpp,327
js-rt,struct,JsDomStorageState,16,8,2,lambda/js/js_runtime_state.hpp,332
js-rt,struct,JsDomMediaQueryState,24,8,3,lambda/js/js_runtime_state.hpp,337
js-rt,struct,JsDomPlatformState,144,8,8,lambda/js/js_runtime_state.hpp,343
js-rt,enum,(anonymous),4,4,1,lambda/js/js_runtime_state.hpp,354
js-rt,struct,JsStringCacheState,17736,8,24,lambda/js/js_runtime_state.hpp,358
js-rt,enum,JsGlobalBindingKind,1,1,3,lambda/js/js_runtime_state.hpp,391
js-rt,struct,JsGlobalBinding,24,8,5,lambda/js/js_runtime_state.hpp,397
js-rt,enum,JsGlobalEnvironmentSlot,4,4,6,lambda/js/js_runtime_state.hpp,405
js-rt,struct,JsGlobalEnvironment,120,8,8,lambda/js/js_runtime_state.hpp,414
js-rt,struct,JsRealmIntrinsicState,976,8,11,lambda/js/js_runtime_state.hpp,455
js-rt,struct,JsTest262AgentReport,16,8,2,lambda/js/js_runtime_state.hpp,469
js-rt,struct,JsTest262AgentState,256,8,7,lambda/js/js_runtime_state.hpp,474
js-rt,struct,JsProcessState,120,8,8,lambda/js/js_runtime_state.hpp,490
js-rt,struct,JsConsoleLabel,32,8,5,lambda/js/js_runtime_state.hpp,505
js-rt,struct,JsConsoleState,16,8,2,lambda/js/js_runtime_state.hpp,514
js-rt,struct,JsRuntimeOperationState,56,8,10,lambda/js/js_runtime_state.hpp,520
js-rt,struct,JsAsyncHooksState,240,8,5,lambda/js/js_runtime_state.hpp,537
js-rt,enum,JsPromiseState,4,4,3,lambda/js/js_runtime_state.hpp,549
js-rt,struct,JsPromise,112,8,12,lambda/js/js_runtime_state.hpp,557
js-rt,struct,JsPromiseRuntimeState,216,8,9,lambda/js/js_runtime_state.hpp,572
js-rt,enum,JsModuleRuntimeSlot,4,4,3,lambda/js/js_runtime_state.hpp,586
js-rt,struct,JsModuleRuntimeState,88,8,4,lambda/js/js_runtime_state.hpp,596
js-rt,struct,JsPerformanceState,56,8,7,lambda/js/js_runtime_state.hpp,603
js-rt,struct,JsSuspendedActivation,120,8,11,lambda/js/js_runtime_state.hpp,617
js-rt,struct,JsGeneratorStateRecord,144,8,7,lambda/js/js_runtime_state.hpp,642
js-rt,struct,JsAsyncContextStateRecord,176,8,7,lambda/js/js_runtime_state.hpp,652
js-rt,struct,JsEvalBridgeBinding,3,1,3,lambda/js/js_runtime_state.hpp,687
js-rt,struct,JsEvalBridgeFrame,4,4,1,lambda/js/js_runtime_state.hpp,693
js-rt,struct,JsEvalBindingJournal,160,8,4,lambda/js/js_runtime_state.hpp,697
js-rt,struct,JsEvalPrivateJournal,152,8,3,lambda/js/js_runtime_state.hpp,704
js-rt,struct,JsEvalBridgeState,472,8,3,lambda/js/js_runtime_state.hpp,710
js-rt,struct,JsEvalLocalFrameMarks,12,4,3,lambda/js/js_runtime_state.hpp,716
js-rt,struct,JsEvalLocalState,296,8,5,lambda/js/js_runtime_state.hpp,724
js-rt,struct,JsEvalState,768,8,2,lambda/js/js_runtime_state.hpp,732
js-rt,enum,JsCallActivationItem,4,4,7,lambda/js/js_runtime_state.hpp,760
js-rt,struct,JsCallActivation,96,8,9,lambda/js/js_runtime_state.hpp,770
js-rt,struct,JsExecutionState,224,8,4,lambda/js/js_runtime_state.hpp,782
js-rt,struct,JsRuntimeState,2376,8,48,lambda/js/js_runtime_state.hpp,796
js-rt,struct,JsFunctionCacheKey,16,8,5,lambda/js/js_runtime_state.hpp,857
js-rt,struct,JsFunctionCacheEntry,24,8,2,lambda/js/js_runtime_state.hpp,864
js-rt,class,JsOwnedCallActivation,168,8,2,lambda/js/js_runtime_state.hpp,936
js-rt,enum,JsNumericBinaryOp,4,4,12,lambda/js/js_runtime_value.cpp,389
js-rt,struct,JsFieldInitializerEntry,16,8,2,lambda/js/js_scope.cpp,547
js-rt,struct,JsAstCallableEntry,16,8,2,lambda/js/js_scope.cpp,597
js-rt,class,ScopedPrivateDefineActive,1,1,1,lambda/js/js_state_guards.h,10
js-rt,struct,JsCompilerPassTiming,112,8,14,lambda/js/js_transpiler.hpp,21
js-rt,enum,JsInterpModuleBindingKind,4,4,2,lambda/js/js_transpiler.hpp,40
js-rt,struct,JsInterpModuleBinding,48,8,8,lambda/js/js_transpiler.hpp,45
js-rt,enum,JsVarKind,4,4,3,lambda/js/js_transpiler.hpp,64
js-rt,enum,JsScopeType,4,4,4,lambda/js/js_transpiler.hpp,71
js-rt,struct,JsScript,848,8,23,lambda/js/js_transpiler.hpp,82
js-rt,struct,JsTranspiler,1816,8,14,lambda/js/js_transpiler.hpp,130
js-rt,struct,JsPreambleState,72,8,11,lambda/js/js_transpiler.hpp,251
js-rt,struct,JsModuleMirArtifact,88,8,3,lambda/js/js_transpiler.hpp,270
js-rt,struct,JsMirLeaseSessionStats,56,8,7,lambda/js/js_transpiler.hpp,280
js-rt,struct,JsArrayBufferMapCarrier,40,8,2,lambda/js/js_typed_array.cpp,27
js-rt,struct,JsDataViewMapCarrier,64,8,2,lambda/js/js_typed_array.cpp,32
js-rt,enum,JsAtomicsWaiterStatus,4,4,3,lambda/js/js_typed_array.cpp,630
js-rt,struct,JsAtomicsWaiter,56,8,9,lambda/js/js_typed_array.cpp,636
js-rt,struct,JsAtomicsAgentWaiterState,12,4,3,lambda/js/js_typed_array.cpp,648
js-rt,struct,JsAtomicsRuntimeState,104,8,5,lambda/js/js_typed_array.cpp,654
js-rt,struct,JsAtomicsWaitInputs,48,8,7,lambda/js/js_typed_array.cpp,1064
js-rt,struct,JsArrayBufferConstructOptions,24,8,3,lambda/js/js_typed_array.cpp,1366
js-rt,enum,JsTypedArrayType,4,4,12,lambda/js/js_typed_array.h,20
js-rt,struct,JsTypedArraySpec,24,8,8,lambda/js/js_typed_array.h,35
js-rt,struct,JsArrayBufferView,32,8,5,lambda/js/js_typed_array.h,80
js-rt,struct,JsTypedArray,48,8,4,lambda/js/js_typed_array.h,108
js-rt,enum,JsAtomicsOp,4,4,9,lambda/js/js_typed_array.h,117
js-rt,enum,JsSharedArrayBufferOperation,4,4,2,lambda/js/js_typed_array.h,199
js-rt,enum,JsDataViewOperation,4,4,20,lambda/js/js_typed_array.h,228
js-rt,struct,JsTypedArrayMapCarrier,80,8,2,lambda/js/js_typed_array_carrier.hpp,7
js-rt,enum,JsNameId,4,4,20,lambda/js/js_well_known_names.h,5
js-rt,enum,LmdKind,4,4,8,lambda/js/mvp-lmd/mvp_lmd_mir.cpp,15
js-rt,struct,LmdRange,24,8,3,lambda/js/mvp-lmd/mvp_lmd_mir.cpp,17
js-rt,struct,LmdBinding,96,8,19,lambda/js/mvp-lmd/mvp_lmd_mir.cpp,19
js-rt,struct,LmdFunction,864,8,17,lambda/js/mvp-lmd/mvp_lmd_mir.cpp,40
js-rt,struct,MvpLmdProgram,872,8,13,lambda/js/mvp-lmd/mvp_lmd_mir.cpp,59
js-rt,struct,MvpLmdExecution,1640,8,5,lambda/js/mvp-lmd/mvp_lmd_mir.cpp,74
js-rt,struct,LmdControl,48,8,6,lambda/js/mvp-lmd/mvp_lmd_mir.cpp,81
js-rt,struct,LmdCompiler,816,8,13,lambda/js/mvp-lmd/mvp_lmd_mir.cpp,89
js-rt,struct,LmdValue,56,8,6,lambda/js/mvp-lmd/mvp_lmd_mir.cpp,104
js-rt,struct,LmdReference,80,8,5,lambda/js/mvp-lmd/mvp_lmd_mir.cpp,105
js-rt,struct,LmdWalk,32,8,4,lambda/js/mvp-lmd/mvp_lmd_mir.cpp,154
js-rt,struct,LmdTypes,24,8,3,lambda/js/mvp-lmd/mvp_lmd_mir.cpp,387
js-rt,struct,LmdRanges,24,8,3,lambda/js/mvp-lmd/mvp_lmd_mir.cpp,597
js-rt,struct,LmdImport,48,8,3,lambda/js/mvp-lmd/mvp_lmd_mir.cpp,1731
js-rt,enum,MvpLmdFailure,4,4,5,lambda/js/mvp-lmd/mvp_lmd_runtime.h,5
js-rt,enum,(anonymous),4,4,18,lambda/js/parser/js_parser.c,5
js-rt,struct,JsParser,29360,8,31,lambda/js/parser/js_parser.c,26
js-rt,struct,(anonymous),28,4,2,lambda/js/parser/js_parser.c,56
js-rt,struct,JsParserProbe,29440,8,3,lambda/js/parser/js_parser.c,63
js-rt,enum,JsLexGoal,4,4,6,lambda/js/parser/js_parser.h,17
js-rt,enum,JsTokenKind,4,4,140,lambda/js/parser/js_parser.h,26
js-rt,struct,JsToken,24,4,7,lambda/js/parser/js_parser.h,176
js-rt,struct,JsLexer,176,8,10,lambda/js/parser/js_parser.h,186
js-rt,enum,JsParseMode,4,4,5,lambda/js/parser/js_parser.h,199
js-rt,enum,JsParseStatus,4,4,3,lambda/js/parser/js_parser.h,207
js-rt,enum,JsParseErrorCode,4,4,10,lambda/js/parser/js_parser.h,213
js-rt,struct,JsParseError,56,8,5,lambda/js/parser/js_parser.h,226
js-rt,struct,JsParseMetrics,24,8,4,lambda/js/parser/js_parser.h,234
js-rt,enum,JsReductionKind,4,4,9,lambda/js/parser/js_parser.h,241
js-rt,enum,JsReductionForm,4,4,61,lambda/js/parser/js_parser.h,253
js-rt,enum,JsReductionFlags,4,4,31,lambda/js/parser/js_parser.h,317
js-rt,struct,JsParseReduction,80,4,10,lambda/js/parser/js_parser.h,353
js-rt,enum,JsReductionChildFlags,4,4,2,lambda/js/parser/js_parser.h,366
js-rt,struct,JsParseSink,8,8,1,lambda/js/parser/js_parser.h,373
js-rt,enum,TsAstNodeType,4,4,3,lambda/ts/ts_ast.hpp,11
js-rt,struct,TsTypeFactNode,48,8,1,lambda/ts/ts_ast.hpp,20
js-rt,struct,TsParameterNode,72,8,6,lambda/ts/ts_ast.hpp,24
js-rt,struct,TsDirectTypeParser,24,8,4,lambda/ts/ts_type_parser.cpp,16
js-rt,struct,TsTypeRegistryEntry,136,8,2,lambda/ts/ts_type_parser.hpp,18
lambda-data,struct,CodePointInterval,8,4,2,lambda/core/codepoint_interval.h,6
lambda-data,struct,StaticEmptyString,8,4,3,lambda/core/lambda-data.cpp,215
lambda-data,struct,Initializer,1,1,0,lambda/core/lambda-data.cpp,354
lambda-data,enum,DecimalDivisionOp,4,4,3,lambda/core/lambda-decimal.cpp,943
lambda-data,struct,PathMeta,24,8,4,lambda/core/lambda-path.h,10
lambda-data,enum,LPathSegmentType,4,4,7,lambda/core/lambda-path.h,24
lambda-data,struct,Path,64,8,10,lambda/core/lambda-path.h,37
lambda-data,enum,PathAuthorityKind,4,4,3,lambda/core/lambda-path.h,57
lambda-data,enum,PathScheme,4,4,9,lambda/core/lambda-path.h,64
lambda-data,enum,(anonymous),4,4,2,lambda/core/lambda_typed.hpp,13
lambda-data,struct,ItemTagToType,1,1,0,lambda/core/lambda_typed.hpp,13
lambda-data,enum,(anonymous),4,4,2,lambda/core/lambda_typed.hpp,14
lambda-data,struct,ItemTagToType,1,1,0,lambda/core/lambda_typed.hpp,14
lambda-data,enum,(anonymous),4,4,2,lambda/core/lambda_typed.hpp,15
lambda-data,struct,ItemTagToType,1,1,0,lambda/core/lambda_typed.hpp,15
lambda-data,enum,(anonymous),4,4,2,lambda/core/lambda_typed.hpp,16
lambda-data,struct,ItemTagToType,1,1,0,lambda/core/lambda_typed.hpp,16
lambda-data,enum,(anonymous),4,4,2,lambda/core/lambda_typed.hpp,17
lambda-data,struct,ItemTagToType,1,1,0,lambda/core/lambda_typed.hpp,17
lambda-data,enum,(anonymous),4,4,2,lambda/core/lambda_typed.hpp,18
lambda-data,struct,ItemTagToType,1,1,0,lambda/core/lambda_typed.hpp,18
lambda-data,enum,(anonymous),4,4,2,lambda/core/lambda_typed.hpp,19
lambda-data,struct,ItemTagToType,1,1,0,lambda/core/lambda_typed.hpp,19
lambda-data,enum,(anonymous),4,4,2,lambda/core/lambda_typed.hpp,20
lambda-data,struct,ItemTagToType,1,1,0,lambda/core/lambda_typed.hpp,20
lambda-data,enum,(anonymous),4,4,2,lambda/core/lambda_typed.hpp,21
lambda-data,struct,ItemTagToType,1,1,0,lambda/core/lambda_typed.hpp,21
lambda-data,enum,(anonymous),4,4,2,lambda/core/lambda_typed.hpp,22
lambda-data,struct,ItemTagToType,1,1,0,lambda/core/lambda_typed.hpp,22
lambda-data,enum,(anonymous),4,4,2,lambda/core/lambda_typed.hpp,23
lambda-data,struct,ItemTagToType,1,1,0,lambda/core/lambda_typed.hpp,23
lambda-data,enum,(anonymous),4,4,2,lambda/core/lambda_typed.hpp,24
lambda-data,struct,ItemTagToType,1,1,0,lambda/core/lambda_typed.hpp,24
lambda-data,enum,(anonymous),4,4,2,lambda/core/lambda_typed.hpp,25
lambda-data,struct,ItemTagToType,1,1,0,lambda/core/lambda_typed.hpp,25
lambda-data,enum,(anonymous),4,4,2,lambda/core/lambda_typed.hpp,26
lambda-data,struct,ItemTagToType,1,1,0,lambda/core/lambda_typed.hpp,26
lambda-data,enum,(anonymous),4,4,2,lambda/core/lambda_typed.hpp,27
lambda-data,struct,ItemTagToType,1,1,0,lambda/core/lambda_typed.hpp,27
lambda-data,enum,(anonymous),4,4,2,lambda/core/lambda_typed.hpp,28
lambda-data,struct,ItemTagToType,1,1,0,lambda/core/lambda_typed.hpp,28
lambda-data,enum,(anonymous),4,4,2,lambda/core/lambda_typed.hpp,29
lambda-data,struct,ItemTagToType,1,1,0,lambda/core/lambda_typed.hpp,29
lambda-data,enum,(anonymous),4,4,2,lambda/core/lambda_typed.hpp,30
lambda-data,struct,ItemTagToType,1,1,0,lambda/core/lambda_typed.hpp,30
lambda-data,enum,(anonymous),4,4,2,lambda/core/lambda_typed.hpp,31
lambda-data,struct,ItemTagToType,1,1,0,lambda/core/lambda_typed.hpp,31
lambda-data,enum,(anonymous),4,4,2,lambda/core/lambda_typed.hpp,32
lambda-data,struct,ItemTagToType,1,1,0,lambda/core/lambda_typed.hpp,32
lambda-data,enum,(anonymous),4,4,2,lambda/core/lambda_typed.hpp,33
lambda-data,struct,ItemTagToType,1,1,0,lambda/core/lambda_typed.hpp,33
lambda-data,enum,(anonymous),4,4,2,lambda/core/lambda_typed.hpp,34
lambda-data,struct,ItemTagToType,1,1,0,lambda/core/lambda_typed.hpp,34
lambda-data,enum,(anonymous),4,4,2,lambda/core/lambda_typed.hpp,35
lambda-data,struct,ItemTagToType,1,1,0,lambda/core/lambda_typed.hpp,35
lambda-data,enum,(anonymous),4,4,2,lambda/core/lambda_typed.hpp,36
lambda-data,struct,ItemTagToType,1,1,0,lambda/core/lambda_typed.hpp,36
lambda-data,enum,(anonymous),4,4,2,lambda/core/lambda_typed.hpp,37
lambda-data,struct,ItemTagToType,1,1,0,lambda/core/lambda_typed.hpp,37
lambda-data,enum,(anonymous),4,4,2,lambda/core/lambda_typed.hpp,38
lambda-data,struct,ItemTagToType,1,1,0,lambda/core/lambda_typed.hpp,38
lambda-data,enum,(anonymous),4,4,2,lambda/core/lambda_typed.hpp,39
lambda-data,struct,ItemTagToType,1,1,0,lambda/core/lambda_typed.hpp,39
lambda-data,enum,(anonymous),4,4,2,lambda/core/lambda_typed.hpp,40
lambda-data,struct,ItemTagToType,1,1,0,lambda/core/lambda_typed.hpp,40
lambda-data,enum,(anonymous),,,1,lambda/core/lambda_typed.hpp,42
lambda-data,struct,IsMapLike,1,1,0,lambda/core/lambda_typed.hpp,198
lambda-data,struct,IsMapLike,1,1,0,lambda/core/lambda_typed.hpp,199
lambda-data,struct,IsMapLike,1,1,0,lambda/core/lambda_typed.hpp,200
lambda-data,struct,IsArrayLike,1,1,0,lambda/core/lambda_typed.hpp,203
lambda-data,struct,IsArrayLike,1,1,0,lambda/core/lambda_typed.hpp,204
lambda-data,struct,IsArrayLike,1,1,0,lambda/core/lambda_typed.hpp,205
lambda-data,struct,HasArrayStorage,1,1,0,lambda/core/lambda_typed.hpp,208
lambda-data,struct,HasArrayStorage,1,1,0,lambda/core/lambda_typed.hpp,209
lambda-data,class,HoleSentinel,8,8,1,lambda/core/lambda_typed.hpp,237
lambda-data,struct,ArrayNumView,24,8,3,lambda/core/mark_reader.hpp,59
lambda-data,class,MarkReader,8,8,1,lambda/core/mark_reader.hpp,74
lambda-data,class,ElementIterator,32,8,4,lambda/core/mark_reader.hpp,93
lambda-data,class,ItemReader,40,8,3,lambda/core/mark_reader.hpp,131
lambda-data,class,MapReader,24,8,3,lambda/core/mark_reader.hpp,209
lambda-data,class,KeyIterator,16,8,2,lambda/core/mark_reader.hpp,243
lambda-data,class,ValueIterator,16,8,2,lambda/core/mark_reader.hpp,254
lambda-data,class,EntryIterator,16,8,2,lambda/core/mark_reader.hpp,265
lambda-data,class,ArrayReader,32,8,2,lambda/core/mark_reader.hpp,290
lambda-data,class,Iterator,16,8,2,lambda/core/mark_reader.hpp,320
lambda-data,class,ElementReader,32,8,3,lambda/core/mark_reader.hpp,343
lambda-data,class,ChildIterator,16,8,2,lambda/core/mark_reader.hpp,390
lambda-data,class,ElementChildIterator,16,8,2,lambda/core/mark_reader.hpp,401
lambda-data,class,AttributeIterator,16,8,2,lambda/core/mark_reader.hpp,420
lambda-data,struct,MarkupNameClassTable,4096,4,1,lambda/core/markup_name_classes.hpp,15
lambda-data,enum,(anonymous),4,4,1,lambda/core/markup_name_classes.hpp,18
lambda-data,enum,NamePoolIdMode,4,4,3,lambda/core/name_identity.h,21
lambda-data,enum,NameKeyKind,4,4,3,lambda/core/name_identity.h,27
lambda-data,struct,NameMeta,16,4,6,lambda/core/name_identity.h,36
lambda-data,struct,NameClassification,12,4,4,lambda/core/name_identity.h,45
lambda-data,struct,WellKnownNameRecord,152,8,4,lambda/core/name_identity.h,59
lambda-data,struct,NamePoolEntry,24,8,2,lambda/core/name_pool.cpp,63
lambda-data,struct,NamePool,96,8,20,lambda/core/name_pool.hpp,10
lambda-data,struct,PrintItemVisitor,24,8,3,lambda/core/print.cpp,328
lambda-data,struct,ShapeFieldDraft,16,8,2,lambda/core/shape_builder.hpp,24
lambda-data,struct,ShapeBuilder,48,8,6,lambda/core/shape_builder.hpp,29
lambda-data,struct,Utf8SpecialCase,32,4,5,lambda/core/utf_string.cpp,119
lambda-data,enum,UnicodeCompareResult,4,4,4,lambda/core/utf_string.h,12
lambda-data,enum,LambdaNameId,4,4,5,lambda/core/well_known_lambda_names.h,5
lambda-data,enum,MarkupNameId,4,4,582,lambda/core/well_known_markup_names.h,5
lambda-data,struct,GraphEscapeRules,24,8,3,lambda/format/format-graph.cpp,13
lambda-data,struct,GraphSyntax,120,8,15,lambda/format/format-graph.cpp,39
lambda-data,enum,HtmlSpecialKind,4,4,5,lambda/format/format-html.cpp,62
lambda-data,struct,HtmlSpecialTag,16,8,2,lambda/format/format-html.cpp,70
lambda-data,struct,KeyValueFormatConfig,32,8,5,lambda/format/format-kv.cpp,42
lambda-data,class,KeyValueContext,40,8,0,lambda/format/format-kv.cpp,66
lambda-data,struct,MarkupTableContext,16,8,2,lambda/format/format-markup.cpp,1042
lambda-data,class,MarkupEmitter,64,8,3,lambda/format/format-markup.h,25
lambda-data,struct,CmdAsciiEntry,16,8,2,lambda/format/format-math-ascii.cpp,22
lambda-data,enum,MathAsciiSlot,4,4,25,lambda/format/format-math-ascii.cpp,476
lambda-data,enum,MathLatexSlot,4,4,37,lambda/format/format-math-latex.cpp,613
lambda-data,class,MathContentReader,8,8,1,lambda/format/format-math-shared.hpp,29
lambda-data,struct,MathTagDispatch,16,8,2,lambda/format/format-math-shared.hpp,108
lambda-data,enum,MdBlockKind,4,4,12,lambda/format/format-md.cpp,187
lambda-data,struct,MdTableContext,80,8,3,lambda/format/format-md.cpp,556
lambda-data,struct,MarkupStopSets,256,8,1,lambda/format/format-utils.cpp,166
lambda-data,struct,TextEscapeConfig,24,8,3,lambda/format/format-utils.h,10
lambda-data,enum,TableAlignment,4,4,4,lambda/format/format-utils.h,115
lambda-data,struct,TableInfo,32,8,5,lambda/format/format-utils.h,123
lambda-data,struct,MarkupOutputRules,608,8,20,lambda/format/format-utils.h,162
lambda-data,struct,HeadingStyle,64,8,4,lambda/format/format-utils.h,165
lambda-data,enum,Type,4,4,4,lambda/format/format-utils.h,166
lambda-data,struct,InlineMarkup,128,8,16,lambda/format/format-utils.h,178
lambda-data,struct,InlineTagNames,160,8,8,lambda/format/format-utils.h,198
lambda-data,struct,ListStyle,24,8,6,lambda/format/format-utils.h,215
lambda-data,struct,CodeBlockStyle,32,8,5,lambda/format/format-utils.h,225
lambda-data,enum,Type,4,4,5,lambda/format/format-utils.h,226
lambda-data,class,FormatItemHandlersDefault,8,8,0,lambda/format/format-utils.hpp,11
lambda-data,class,ScopedFormatPool,8,8,1,lambda/format/format-utils.hpp,38
lambda-data,class,FormatterContextCpp,40,8,6,lambda/format/format-utils.hpp,56
lambda-data,class,RecursionGuard,16,8,2,lambda/format/format-utils.hpp,76
lambda-data,class,TextContext,40,8,0,lambda/format/format-utils.hpp,206
lambda-data,class,JsonContext,40,8,0,lambda/format/format-utils.hpp,214
lambda-data,class,YamlContext,40,8,0,lambda/format/format-utils.hpp,222
lambda-data,class,TagContext,40,8,0,lambda/format/format-utils.hpp,230
lambda-data,class,HtmlContext,40,8,0,lambda/format/format-utils.hpp,274
lambda-data,class,LaTeXContext,40,8,0,lambda/format/format-utils.hpp,293
lambda-data,class,XmlContext,40,8,0,lambda/format/format-utils.hpp,319
lambda-data,class,TomlContext,40,8,0,lambda/format/format-utils.hpp,337
lambda-data,enum,(anonymous),4,4,2,lambda/format/html-defs.cpp,67
lambda-data,struct,CssRegistrationWalk,16,8,2,lambda/input/css/css_engine.cpp,74
lambda-data,struct,CssRegistrationLookup,16,8,2,lambda/input/css/css_engine.cpp,109
lambda-data,struct,CssElementDeclarationQuery,192,8,11,lambda/input/css/css_engine.cpp,123
lambda-data,struct,CssScopeQueryContext,24,8,3,lambda/input/css/css_engine.cpp,174
lambda-data,struct,CssScriptPropertyRegistration,80,8,3,lambda/input/css/css_engine.cpp,363
lambda-data,enum,CssMediaNumericKind,4,4,4,lambda/input/css/css_engine.cpp,994
lambda-data,struct,CssConditionSpan,16,8,2,lambda/input/css/css_engine.cpp,1156
lambda-data,enum,(anonymous),4,4,2,lambda/input/css/css_engine.hpp,19
lambda-data,enum,CssConditionKind,4,4,2,lambda/input/css/css_engine.hpp,24
lambda-data,struct,CssConditionCacheEntry,24,8,5,lambda/input/css/css_engine.hpp,29
lambda-data,struct,CssPropertyRegistrationEntry,16,8,2,lambda/input/css/css_engine.hpp,37
lambda-data,struct,CssStyleEngine,16,8,2,lambda/input/css/css_engine.hpp,43
lambda-data,struct,CssEngine,3424,8,26,lambda/input/css/css_engine.hpp,57
lambda-data,struct,(anonymous),10,1,10,lambda/input/css/css_engine.hpp,70
lambda-data,struct,(anonymous),16,8,5,lambda/input/css/css_engine.hpp,84
lambda-data,struct,(anonymous),64,8,11,lambda/input/css/css_engine.hpp,93
lambda-data,struct,(anonymous),104,8,13,lambda/input/css/css_engine.hpp,108
lambda-data,struct,CssProcessingOptions,88,8,23,lambda/input/css/css_engine.hpp,153
lambda-data,struct,CssEngineStats,64,8,8,lambda/input/css/css_engine.hpp,237
lambda-data,struct,CSSContainerQuery,32,8,4,lambda/input/css/css_engine.hpp,289
lambda-data,struct,CssInJSRule,32,8,4,lambda/input/css/css_engine.hpp,309
lambda-data,enum,CssErrorCode,4,4,7,lambda/input/css/css_engine.hpp,321
lambda-data,struct,CssError,40,8,6,lambda/input/css/css_engine.hpp,331
lambda-data,struct,CssFontFaceSrc,16,8,2,lambda/input/css/css_font_face.hpp,16
lambda-data,struct,CssFontFaceUnicodeRange,8,4,2,lambda/input/css/css_font_face.hpp,21
lambda-data,struct,CssFontFaceDescriptor,64,8,10,lambda/input/css/css_font_face.hpp,27
lambda-data,enum,CssFormatStyle,4,4,4,lambda/input/css/css_formatter.hpp,21
lambda-data,struct,CssFormatOptions,16,4,10,lambda/input/css/css_formatter.hpp,28
lambda-data,struct,CssFormatter,40,8,4,lambda/input/css/css_formatter.hpp,42
lambda-data,enum,CssPagePseudo,1,1,4,lambda/input/css/css_paged_media.hpp,4
lambda-data,struct,CssPageSelector,24,8,5,lambda/input/css/css_paged_media.hpp,8
lambda-data,enum,CssPageMarginBox,1,1,17,lambda/input/css/css_paged_media.hpp,14
lambda-data,enum,CssPageAreaKind,1,1,3,lambda/input/css/css_paged_media.hpp,22
lambda-data,struct,CssPageAreaRule,24,8,4,lambda/input/css/css_paged_media.hpp,23
lambda-data,struct,CssPageRule,56,8,7,lambda/input/css/css_paged_media.hpp,30
lambda-data,struct,CssSelectorFunction,24,8,4,lambda/input/css/css_parser.cpp,560
lambda-data,enum,CssIdentifierGrammar,1,1,3,lambda/input/css/css_parser.cpp,681
lambda-data,enum,CssTokenType,4,4,50,lambda/input/css/css_parser.hpp,26
lambda-data,enum,CssHashType,4,4,2,lambda/input/css/css_parser.hpp,82
lambda-data,struct,CssToken,48,8,5,lambda/input/css/css_parser.hpp,88
lambda-data,union,(anonymous),16,8,6,lambda/input/css/css_parser.hpp,93
lambda-data,struct,(anonymous),16,8,2,lambda/input/css/css_parser.hpp,95
lambda-data,struct,(anonymous),4,1,4,lambda/input/css/css_parser.hpp,99
lambda-data,struct,(anonymous),16,8,2,lambda/input/css/css_parser.hpp,102
lambda-data,struct,CssTokenStream,32,8,4,lambda/input/css/css_parser.hpp,113
lambda-data,struct,UnicodeChar,8,4,2,lambda/input/css/css_parser.hpp,125
lambda-data,struct,CssTokenizer,40,8,6,lambda/input/css/css_parser.hpp,131
lambda-data,enum,CssSelectorType,4,4,107,lambda/input/css/css_parser.hpp,161
lambda-data,enum,CssCombinator,4,4,6,lambda/input/css/css_parser.hpp,293
lambda-data,struct,CssNthFormula,12,4,4,lambda/input/css/css_parser.hpp,303
lambda-data,struct,CssSimpleSelector,96,8,9,lambda/input/css/css_parser.hpp,311
lambda-data,struct,(anonymous),24,8,4,lambda/input/css/css_parser.hpp,318
lambda-data,struct,CssCompoundSelector,16,8,2,lambda/input/css/css_parser.hpp,337
lambda-data,struct,CssSelector,40,8,5,lambda/input/css/css_parser.hpp,343
lambda-data,struct,CssSelectorGroup,16,8,2,lambda/input/css/css_parser.hpp,352
lambda-data,enum,CssCalcOperator,4,4,24,lambda/input/css/css_parser.hpp,362
lambda-data,struct,CssCalcToken,24,8,2,lambda/input/css/css_parser.hpp,390
lambda-data,enum,(anonymous),4,4,7,lambda/input/css/css_parser.hpp,391
lambda-data,union,(anonymous),16,8,4,lambda/input/css/css_parser.hpp,400
lambda-data,struct,(anonymous),16,8,2,lambda/input/css/css_parser.hpp,402
lambda-data,struct,CssCalcNode,24,8,3,lambda/input/css/css_parser.hpp,409
lambda-data,union,(anonymous),16,8,5,lambda/input/css/css_parser.hpp,414
lambda-data,struct,(anonymous),16,8,2,lambda/input/css/css_parser.hpp,416
lambda-data,struct,(anonymous),16,8,2,lambda/input/css/css_parser.hpp,422
lambda-data,struct,(anonymous),16,8,2,lambda/input/css/css_parser.hpp,431
lambda-data,struct,CssGridTemplate,40,8,6,lambda/input/css/css_parser.hpp,442
lambda-data,enum,CssMediaTokenType,4,4,4,lambda/input/css/css_parser.hpp,455
lambda-data,struct,CssMediaToken,32,8,4,lambda/input/css/css_parser.hpp,462
lambda-data,struct,CssContainerToken,32,8,4,lambda/input/css/css_parser.hpp,473
lambda-data,enum,(anonymous),4,4,3,lambda/input/css/css_parser.hpp,474
lambda-data,struct,CssFunctionInfo,32,8,6,lambda/input/css/css_parser.hpp,488
lambda-data,struct,CssFontShorthandParts,56,8,7,lambda/input/css/css_parser.hpp,569
lambda-data,enum,CssLogicalBorderPart,1,1,3,lambda/input/css/css_properties.cpp,1276
lambda-data,struct,CssTimelineGrammar,32,8,4,lambda/input/css/css_properties.cpp,1879
lambda-data,enum,CssUnit,4,4,67,lambda/input/css/css_style.hpp,32
lambda-data,enum,CssMathType,4,4,9,lambda/input/css/css_style.hpp,139
lambda-data,struct,CssMathEvaluationContext,32,8,4,lambda/input/css/css_style.hpp,145
lambda-data,struct,CssMathResult,32,8,4,lambda/input/css/css_style.hpp,151
lambda-data,enum,CssColorType,4,4,14,lambda/input/css/css_style.hpp,166
lambda-data,struct,CssComputedColor,56,8,6,lambda/input/css/css_style.hpp,185
lambda-data,struct,CssLength,16,8,2,lambda/input/css/css_style.hpp,200
lambda-data,struct,CssColor,32,8,6,lambda/input/css/css_style.hpp,205
lambda-data,union,(anonymous),24,8,2,lambda/input/css/css_style.hpp,208
lambda-data,struct,(anonymous),24,8,3,lambda/input/css/css_style.hpp,209
lambda-data,struct,CssKeyword,16,8,2,lambda/input/css/css_style.hpp,214
lambda-data,struct,CssFunction,24,8,3,lambda/input/css/css_style.hpp,219
lambda-data,enum,TransformFunctionType,4,4,22,lambda/input/css/css_style.hpp,225
lambda-data,struct,CssTransformFunctionInfo,24,8,4,lambda/input/css/css_style.hpp,253
lambda-data,enum,CssValueType,1,1,19,lambda/input/css/css_style.hpp,261
lambda-data,enum,CssPropertyCode,4,4,389,lambda/input/css/css_style.hpp,287
lambda-data,struct,CSSVarRef,24,8,3,lambda/input/css/css_style.hpp,800
lambda-data,struct,CSSEnvRef,24,8,3,lambda/input/css/css_style.hpp,807
lambda-data,struct,CSSAttrRef,32,8,4,lambda/input/css/css_style.hpp,814
lambda-data,struct,CSSColorMix,32,8,4,lambda/input/css/css_style.hpp,822
lambda-data,union,Color,4,4,2,lambda/input/css/css_style.hpp,831
lambda-data,struct,(anonymous),4,1,4,lambda/input/css/css_style.hpp,833
lambda-data,struct,CssColorComponents,32,8,4,lambda/input/css/css_style.hpp,843
lambda-data,enum,CssValueFlag,1,1,2,lambda/input/css/css_style.hpp,851
lambda-data,struct,CssValue,24,8,5,lambda/input/css/css_style.hpp,856
lambda-data,union,(anonymous),16,8,18,lambda/input/css/css_style.hpp,861
lambda-data,struct,(anonymous),16,8,2,lambda/input/css/css_style.hpp,863
lambda-data,struct,(anonymous),8,8,1,lambda/input/css/css_style.hpp,868
lambda-data,struct,(anonymous),16,8,2,lambda/input/css/css_style.hpp,872
lambda-data,struct,(anonymous),16,8,2,lambda/input/css/css_style.hpp,878
lambda-data,union,(anonymous),8,8,4,lambda/input/css/css_style.hpp,880
lambda-data,struct,(anonymous),4,1,4,lambda/input/css/css_style.hpp,882
lambda-data,struct,(anonymous),16,8,2,lambda/input/css/css_style.hpp,896
lambda-data,struct,(anonymous),16,8,2,lambda/input/css/css_style.hpp,908
lambda-data,struct,(anonymous),16,8,3,lambda/input/css/css_style.hpp,914
lambda-data,struct,CssMotionShorthandParts,64,8,1,lambda/input/css/css_style.hpp,953
lambda-data,struct,CssBorderImageComponents,160,8,9,lambda/input/css/css_style.hpp,961
lambda-data,struct,CssSpecificity,5,1,5,lambda/input/css/css_style.hpp,1000
lambda-data,enum,CssOrigin,4,4,5,lambda/input/css/css_style.hpp,1009
lambda-data,struct,CssDeclaration,120,8,22,lambda/input/css/css_style.hpp,1021
lambda-data,struct,CssStyleNode,96,8,7,lambda/input/css/css_style.hpp,1051
lambda-data,struct,CssComputedStyle,32,8,4,lambda/input/css/css_style.hpp,1062
lambda-data,enum,CssPropertySyntaxType,4,4,16,lambda/input/css/css_style.hpp,1080
lambda-data,struct,CssPropertySyntaxComponent,24,8,3,lambda/input/css/css_style.hpp,1088
lambda-data,struct,CssPropertyRegistration,64,8,9,lambda/input/css/css_style.hpp,1094
lambda-data,enum,CssRuleType,4,4,18,lambda/input/css/css_style.hpp,1114
lambda-data,struct,CssLayerName,16,8,2,lambda/input/css/css_style.hpp,1135
lambda-data,struct,CssRule,184,8,14,lambda/input/css/css_style.hpp,1141
lambda-data,union,(anonymous),96,8,7,lambda/input/css/css_style.hpp,1148
lambda-data,struct,(anonymous),56,8,7,lambda/input/css/css_style.hpp,1149
lambda-data,struct,(anonymous),96,8,13,lambda/input/css/css_style.hpp,1159
lambda-data,struct,(anonymous),56,8,8,lambda/input/css/css_style.hpp,1175
lambda-data,struct,(anonymous),8,8,1,lambda/input/css/css_style.hpp,1186
lambda-data,struct,(anonymous),16,8,2,lambda/input/css/css_style.hpp,1190
lambda-data,struct,(anonymous),16,8,2,lambda/input/css/css_style.hpp,1195
lambda-data,struct,CssRuleChildList,16,8,2,lambda/input/css/css_style.hpp,1221
lambda-data,struct,CssRuleInterface,32,8,4,lambda/input/css/css_style.hpp,1226
lambda-data,struct,CssStylesheet,176,8,26,lambda/input/css/css_style.hpp,1236
lambda-data,struct,(anonymous),16,8,2,lambda/input/css/css_style.hpp,1272
lambda-data,struct,CssPropertyInfo,56,8,8,lambda/input/css/css_style.hpp,1288
lambda-data,enum,PropertyValueType,4,4,14,lambda/input/css/css_style.hpp,1376
lambda-data,enum,PropertyInheritance,4,4,3,lambda/input/css/css_style.hpp,1397
lambda-data,struct,CssProperty,80,8,12,lambda/input/css/css_style.hpp,1407
lambda-data,enum,CssTextDecorationLineFlag,1,1,4,lambda/input/css/css_style.hpp,1683
lambda-data,struct,CollectContext,24,8,3,lambda/input/css/css_style_node.cpp,110
lambda-data,struct,ComputedContext,24,8,3,lambda/input/css/css_style_node.cpp,116
lambda-data,struct,ValidationContext,8,8,1,lambda/input/css/css_style_node.cpp,122
lambda-data,struct,CollectSelectorsContext,24,8,3,lambda/input/css/css_style_node.cpp,126
lambda-data,struct,MergeContext,16,8,2,lambda/input/css/css_style_node.cpp,132
lambda-data,struct,CloneContext,16,8,2,lambda/input/css/css_style_node.cpp,137
lambda-data,struct,CallbackWrapper,24,8,3,lambda/input/css/css_style_node.cpp,142
lambda-data,enum,CssDeclarationSelection,4,4,4,lambda/input/css/css_style_node.cpp,1088
lambda-data,struct,OwnedCloneCollectContext,24,8,3,lambda/input/css/css_style_node.cpp,1411
lambda-data,struct,CssDeclarationPresence,8,4,2,lambda/input/css/css_style_node.cpp,1612
lambda-data,struct,WeakDeclaration,16,8,2,lambda/input/css/css_style_node.hpp,35
lambda-data,struct,StyleNode,48,8,6,lambda/input/css/css_style_node.hpp,48
lambda-data,struct,StyleTree,48,8,8,lambda/input/css/css_style_node.hpp,65
lambda-data,struct,CssRollbackFilter,16,8,2,lambda/input/css/css_style_node.hpp,232
lambda-data,enum,CssSymbolKind,4,4,3,lambda/input/css/css_symbol_hook.h,7
lambda-data,struct,CssSymbolResolution,16,8,2,lambda/input/css/css_symbol_hook.h,13
lambda-data,struct,CssUnitEntry,24,8,3,lambda/input/css/css_value.cpp,1232
lambda-data,enum,CssEnumGroup,4,4,66,lambda/input/css/css_value.hpp,4
lambda-data,enum,CssEnum,2,2,504,lambda/input/css/css_value.hpp,73
lambda-data,struct,CssEnumInfo,24,8,4,lambda/input/css/css_value.hpp,604
lambda-data,struct,CssContentBindings,32,8,4,lambda/input/css/css_value.hpp,618
lambda-data,struct,CssCustomProperties,48,8,6,lambda/input/css/css_value_parser.hpp,13
lambda-data,struct,CssEnvVariables,32,8,4,lambda/input/css/css_value_parser.hpp,23
lambda-data,struct,CssPropertyValueParser,400,8,16,lambda/input/css/css_value_parser.hpp,30
lambda-data,struct,DomAttributeValueEntry,16,8,2,lambda/input/css/dom_element.cpp,1187
lambda-data,struct,DomAttributeValueCache,16,8,2,lambda/input/css/dom_element.cpp,1195
lambda-data,struct,DomContentBindings,16,8,2,lambda/input/css/dom_element.cpp,2448
lambda-data,struct,ElementDomMapEntry,16,8,2,lambda/input/css/dom_element.cpp,3741
lambda-data,struct,DomBuildDepthGuard,1,1,0,lambda/input/css/dom_element.cpp,3786
lambda-data,struct,CssTransitionElemState,24,8,4,lambda/input/css/dom_element.hpp,54
lambda-data,enum,HtmlVersion,4,4,7,lambda/input/css/dom_element.hpp,73
lambda-data,enum,DomJsMutationKind,4,4,10,lambda/input/css/dom_element.hpp,93
lambda-data,enum,DomJsMutationAttribute,4,4,2,lambda/input/css/dom_element.hpp,121
lambda-data,struct,DomJsMutationRecord,40,8,8,lambda/input/css/dom_element.hpp,127
lambda-data,enum,DomReconcileMode,4,4,6,lambda/input/css/dom_element.hpp,142
lambda-data,struct,DomJsRuntime,2704,8,25,lambda/input/css/dom_element.hpp,152
lambda-data,struct,ViewportMeta,32,4,8,lambda/input/css/dom_element.hpp,203
lambda-data,struct,ReconcileLog,32,8,5,lambda/input/css/dom_element.hpp,222
lambda-data,struct,DomDocumentServices,120,8,16,lambda/input/css/dom_element.hpp,234
lambda-data,enum,DomPageKind,4,4,4,lambda/input/css/dom_element.hpp,275
lambda-data,enum,DomScrollAlign,1,1,4,lambda/input/css/dom_element.hpp,298
lambda-data,enum,DomScrollBehavior,1,1,3,lambda/input/css/dom_element.hpp,305
lambda-data,struct,DomDocumentResourceData,1,1,0,lambda/input/css/dom_element.hpp,313
lambda-data,struct,DomDocument,3256,8,62,lambda/input/css/dom_element.hpp,315
lambda-data,struct,DomDocumentResource,24,8,3,lambda/input/css/dom_element.hpp,542
lambda-data,struct,DisplayValue,6,2,3,lambda/input/css/dom_element.hpp,559
lambda-data,struct,LayoutFragmentBox,40,8,8,lambda/input/css/dom_element.hpp,598
lambda-data,struct,CssCustomProp,48,8,6,lambda/input/css/dom_element.hpp,611
lambda-data,enum,DomElementFlag,4,4,30,lambda/input/css/dom_element.hpp,629
lambda-data,enum,FragmentUnionKind,1,1,7,lambda/input/css/dom_element.hpp,686
lambda-data,enum,PseudoStyleKind,1,1,9,lambda/input/css/dom_element.hpp,696
lambda-data,struct,FragmentUnion,16,4,4,lambda/input/css/dom_element.hpp,711
lambda-data,struct,DomSyntheticAttribute,16,8,2,lambda/input/css/dom_element.hpp,718
lambda-data,struct,CssSelectionCascadeValue,24,8,4,lambda/input/css/dom_element.hpp,725
lambda-data,struct,CssSelectionStyle,48,8,2,lambda/input/css/dom_element.hpp,732
lambda-data,struct,DomNamespacedAttribute,48,8,6,lambda/input/css/dom_element.hpp,737
lambda-data,enum,DomViewSlot,4,4,22,lambda/input/css/dom_element.hpp,762
lambda-data,struct,DomElementExt,376,8,42,lambda/input/css/dom_element.hpp,770
lambda-data,struct,DomElement,376,8,32,lambda/input/css/dom_element.hpp,830
lambda-data,enum,ParentItemKind,1,1,3,lambda/input/css/dom_element.hpp,900
lambda-data,enum,RoleKind,1,1,4,lambda/input/css/dom_element.hpp,906
lambda-data,union,(anonymous),8,8,2,lambda/input/css/dom_element.hpp,920
lambda-data,struct,NodeOf,1,1,0,lambda/input/css/dom_element.hpp,1281
lambda-data,struct,NodeOf,1,1,0,lambda/input/css/dom_element.hpp,1282
lambda-data,struct,NodeOf,1,1,0,lambda/input/css/dom_element.hpp,1283
lambda-data,struct,DomNodeRecord,144,8,21,lambda/input/css/dom_lifecycle.cpp,15
lambda-data,struct,DomNodeRegistry,168,8,12,lambda/input/css/dom_lifecycle.cpp,39
lambda-data,enum,DomNodePinReason,1,1,9,lambda/input/css/dom_lifecycle.hpp,12
lambda-data,enum,DomNodeLifeState,1,1,3,lambda/input/css/dom_lifecycle.hpp,24
lambda-data,struct,DomNodeRef,16,8,2,lambda/input/css/dom_lifecycle.hpp,30
lambda-data,struct,DomLifecycleStats,96,8,12,lambda/input/css/dom_lifecycle.hpp,35
lambda-data,struct,StylePrintContext,24,8,3,lambda/input/css/dom_node.cpp,310
lambda-data,enum,DomNodeType,4,4,5,lambda/input/css/dom_node.hpp,41
lambda-data,enum,DomNodeFlag,1,1,4,lambda/input/css/dom_node.hpp,49
lambda-data,enum,ViewType,4,4,14,lambda/input/css/dom_node.hpp,56
lambda-data,struct,DomNode,80,8,16,lambda/input/css/dom_node.hpp,85
lambda-data,enum,DomTextContentType,4,4,2,lambda/input/css/dom_node.hpp,207
lambda-data,enum,DomTextViewSlot,4,4,3,lambda/input/css/dom_node.hpp,230
lambda-data,struct,DomText,120,8,5,lambda/input/css/dom_node.hpp,238
lambda-data,struct,DomComment,112,8,4,lambda/input/css/dom_node.hpp,402
lambda-data,struct,NodeOf,1,1,0,lambda/input/css/dom_node.hpp,415
lambda-data,struct,NodeOf,1,1,0,lambda/input/css/dom_node.hpp,416
lambda-data,struct,NodeOf,1,1,0,lambda/input/css/dom_node.hpp,417
lambda-data,struct,SelectorColumnOccupation,12,4,3,lambda/input/css/selector_matcher.cpp,317
lambda-data,struct,SelectorEntry,32,8,5,lambda/input/css/selector_matcher.hpp,46
lambda-data,enum,PseudoElementType,4,4,12,lambda/input/css/selector_matcher.hpp,61
lambda-data,struct,MatchResult,20,4,5,lambda/input/css/selector_matcher.hpp,82
lambda-data,struct,SelectorMatcher,104,8,16,lambda/input/css/selector_matcher.hpp,99
lambda-data,struct,StyleRecipeEntry,32,8,5,lambda/input/css/style_epoch.cpp,15
lambda-data,struct,StylePayloadEntry,40,8,5,lambda/input/css/style_epoch.cpp,25
lambda-data,struct,StyleSelectionEntry,64,8,3,lambda/input/css/style_epoch.cpp,33
lambda-data,struct,StyleCanonicalEntry,112,8,14,lambda/input/css/style_epoch.cpp,39
lambda-data,struct,StyleEpoch,136,8,18,lambda/input/css/style_epoch.cpp,56
lambda-data,struct,StyleRecipeBuilder,64,8,8,lambda/input/css/style_epoch.cpp,77
lambda-data,enum,StyleEpochCascadeMode,4,4,2,lambda/input/css/style_epoch.cpp,88
lambda-data,struct,StyleEpochManager,320,8,18,lambda/input/css/style_epoch.cpp,93
lambda-data,struct,StyleEpochStats,200,8,25,lambda/input/css/style_epoch.hpp,15
lambda-data,struct,(anonymous),24,8,3,lambda/input/html5/html5_parser.cpp,76
lambda-data,struct,Html5SourcePosition,16,8,3,lambda/input/html5/html5_parser.h,21
lambda-data,struct,Html5Utf8Iterator,64,8,7,lambda/input/html5/html5_parser.h,28
lambda-data,enum,Html5ErrorType,4,4,36,lambda/input/html5/html5_parser.h,53
lambda-data,struct,Html5Error,40,8,4,lambda/input/html5/html5_parser.h,105
lambda-data,union,(anonymous),8,8,3,lambda/input/html5/html5_parser.h,109
lambda-data,struct,Html5ErrorList,32,8,4,lambda/input/html5/html5_parser.h,117
lambda-data,enum,Html5InsertionMode,4,4,23,lambda/input/html5/html5_parser.h,139
lambda-data,struct,Html5Parser,336,8,45,lambda/input/html5/html5_parser.h,166
lambda-data,struct,Html5ParseOptions,1,1,1,lambda/input/html5/html5_parser.h,250
lambda-data,class,Html5ParserScope,8,8,1,lambda/input/html5/html5_parser.h,258
lambda-data,enum,Html5TagClass,4,4,14,lambda/input/html5/html5_parser.h,297
lambda-data,enum,Html5TokenType,4,4,6,lambda/input/html5/html5_token.h,7
lambda-data,struct,Html5Attr,16,8,2,lambda/input/html5/html5_token.h,18
lambda-data,struct,Html5Token,88,8,14,lambda/input/html5/html5_token.h,25
lambda-data,struct,Html5LexState,32,8,4,lambda/input/html5/html5_tokenizer.cpp,2026
lambda-data,enum,Html5TokenizerState,4,4,81,lambda/input/html5/html5_tokenizer.h,8
lambda-data,class,InputContext,248,8,9,lambda/input/input-context.hpp,19
lambda-data,enum,EmlTransferEncoding,4,4,4,lambda/input/input-eml.cpp,21
lambda-data,struct,EmlMimeInfo,24,8,5,lambda/input/input-eml.cpp,28
lambda-data,struct,EmlBoundaryLine,24,8,3,lambda/input/input-eml.cpp,36
lambda-data,struct,DotId,64,8,4,lambda/input/input-graph-dot.cpp,14
lambda-data,struct,DotSubgraph,16,8,2,lambda/input/input-graph-dot.cpp,21
lambda-data,struct,DotPort,16,8,2,lambda/input/input-graph-dot.cpp,26
lambda-data,struct,DotParser,32,8,4,lambda/input/input-graph-dot.cpp,31
lambda-data,struct,MermaidClassRef,24,8,3,lambda/input/input-graph-mermaid.cpp,1424
lambda-data,struct,MermaidClassRelation,32,8,4,lambda/input/input-graph-mermaid.cpp,1430
lambda-data,struct,MermaidErEntityRef,32,8,4,lambda/input/input-graph-mermaid.cpp,1952
lambda-data,struct,MermaidStateEndpoint,16,8,2,lambda/input/input-graph-mermaid.cpp,2203
lambda-data,struct,StructurizrIncludeResolver,48,8,6,lambda/input/input-graph-structurizr-resolver.cpp,16
lambda-data,enum,StructurizrContext,4,4,11,lambda/input/input-graph-structurizr.cpp,16
lambda-data,struct,StructurizrToken,64,8,4,lambda/input/input-graph-structurizr.cpp,34
lambda-data,struct,StructurizrParser,24,8,3,lambda/input/input-graph-structurizr.cpp,41
lambda-data,struct,IcsComponentFrame,32,8,4,lambda/input/input-ics.cpp,214
lambda-data,struct,JSXExpressionState,8,4,5,lambda/input/input-jsx.cpp,11
lambda-data,struct,KvConfig,32,8,6,lambda/input/input-kv.cpp,29
lambda-data,class,DirectMathParser,56,8,8,lambda/input/input-latex-c.cpp,129
lambda-data,class,DirectLatexParser,48,8,6,lambda/input/input-latex-c.cpp,941
lambda-data,enum,MarkQuotedEscapePolicy,4,4,2,lambda/input/input-mark.cpp,94
lambda-data,struct,ObjEntry,16,8,2,lambda/input/input-pdf-postprocess.cpp,134
lambda-data,struct,ObjTable,16,8,3,lambda/input/input-pdf-postprocess.cpp,139
lambda-data,struct,ObjStreamParser,32,8,4,lambda/input/input-pdf-postprocess.cpp,940
lambda-data,enum,PDFObjectType,4,4,10,lambda/input/input-pdf.cpp,28
lambda-data,struct,IndirectObjectRef,8,4,2,lambda/input/input-pdf.cpp,42
lambda-data,struct,PdfCsReadResult,24,8,3,lambda/input/input-pdf.cpp,47
lambda-data,struct,StreamObject,24,8,3,lambda/input/input-pdf.cpp,352
lambda-data,struct,PkEntry,16,8,2,lambda/input/input-rdb.cpp,178
lambda-data,struct,RevFkEntry,24,8,4,lambda/input/input-rdb.cpp,211
lambda-data,struct,RTFControlWord,16,8,3,lambda/input/input-rtf.cpp,14
lambda-data,struct,RTFFont,16,8,2,lambda/input/input-rtf.cpp,20
lambda-data,struct,RTFColor,16,4,4,lambda/input/input-rtf.cpp,25
lambda-data,struct,RTFStyle,44,4,14,lambda/input/input-rtf.cpp,32
lambda-data,struct,RTFParser,64,8,8,lambda/input/input-rtf.cpp,49
lambda-data,struct,InputScriptArtifact,40,8,4,lambda/input/input-script-cache.cpp,17
lambda-data,struct,InputScriptBuildState,72,8,5,lambda/input/input-script-cache.cpp,24
lambda-data,struct,ScriptInput,200,8,26,lambda/input/input-script-cache.cpp,32
lambda-data,struct,InputScriptMapEntry,8,8,1,lambda/input/input-script-cache.cpp,63
lambda-data,struct,InputScriptLease,48,8,9,lambda/input/input-script-cache.cpp,67
lambda-data,struct,InputCacheScope,24,8,3,lambda/input/input-script-cache.cpp,79
lambda-data,struct,InputScriptCache,344,8,10,lambda/input/input-script-cache.cpp,85
lambda-data,struct,InputScriptFileRefresh,16,8,2,lambda/input/input-script-cache.cpp,1090
lambda-data,enum,InputScriptSourceKind,4,4,5,lambda/input/input-script-cache.h,21
lambda-data,enum,InputScriptCachePolicy,4,4,4,lambda/input/input-script-cache.h,29
lambda-data,struct,InputScriptRequest,128,8,17,lambda/input/input-script-cache.h,39
lambda-data,struct,InputScriptArtifactOps,16,8,2,lambda/input/input-script-cache.h,59
lambda-data,enum,InputScriptBuildKind,4,4,2,lambda/input/input-script-cache.h,64
lambda-data,enum,InputScriptBuildClaim,4,4,4,lambda/input/input-script-cache.h,69
lambda-data,struct,InputScriptBuildScope,24,8,4,lambda/input/input-script-cache.h,79
lambda-data,struct,InputScriptCacheStats,224,8,28,lambda/input/input-script-cache.h,86
lambda-data,class,PlotExpressionParser,56,8,7,lambda/input/input-tikz.cpp,26
lambda-data,class,TikzParser,1352,8,11,lambda/input/input-tikz.cpp,206
lambda-data,struct,OptionSpan,16,8,2,lambda/input/input-tikz.cpp,230
lambda-data,struct,StyleSpan,32,8,4,lambda/input/input-tikz.cpp,233
lambda-data,struct,AnchorEntry,16,8,2,lambda/input/input-yaml.cpp,54
lambda-data,struct,YamlParser,120,8,10,lambda/input/input-yaml.cpp,60
lambda-data,struct,YamlCursor,12,4,3,lambda/input/input-yaml.cpp,104
lambda-data,struct,ShapeTreeStats,136,8,14,lambda/input/input.cpp,486
lambda-data,struct,TransitionKey,40,8,6,lambda/input/input.cpp,605
lambda-data,struct,ExternalParentEdges,16,8,2,lambda/input/input.cpp,812
lambda-data,struct,MimeParserMapping,16,8,2,lambda/input/input.cpp,1705
lambda-data,struct,MarkupFlavorMapping,16,8,2,lambda/input/input.cpp,1710
lambda-data,struct,InputParserMapping,16,8,2,lambda/input/input.cpp,1715
lambda-data,class,InputManager,40,8,5,lambda/input/input.hpp,16
lambda-data,struct,InputParseOptions,2,1,2,lambda/input/input.hpp,118
lambda-data,struct,HttpConfig,40,8,6,lambda/input/input.hpp,187
lambda-data,struct,FetchConfig,80,8,11,lambda/input/input.hpp,197
lambda-data,struct,FetchResponse,56,8,7,lambda/input/input.hpp,211
lambda-data,struct,HttpResponse,56,8,4,lambda/input/input_http.cpp,22
lambda-data,struct,HttpFetchHeaderContext,32,8,4,lambda/input/input_http.cpp,413
lambda-data,struct,SysInfoCacheEntry,56,8,7,lambda/input/input_sysinfo.cpp,28
lambda-data,struct,SysInfoManager,72,8,9,lambda/input/input_sysinfo.cpp,39
lambda-data,struct,LineCounter,8,4,2,lambda/input/line_counter.hpp,5
lambda-data,enum,MarkupFormat,4,4,9,lambda/input/markup-format.h,12
lambda-data,enum,HtmlBlockType,4,4,8,lambda/input/markup/block/block_common.hpp,134
lambda-data,enum,TableAlign,4,4,4,lambda/input/markup/block/block_table.cpp,22
lambda-data,enum,AdmonitionType,4,4,6,lambda/input/markup/format/asciidoc_adapter.cpp,25
lambda-data,struct,AdmonitionInfo,24,8,3,lambda/input/markup/format/asciidoc_adapter.cpp,37
lambda-data,struct,AttributeBlockInfo,40,8,5,lambda/input/markup/format/asciidoc_adapter.cpp,48
lambda-data,struct,CrossRefInfo,48,8,6,lambda/input/markup/format/asciidoc_adapter.cpp,62
lambda-data,struct,DefinitionListInfo,32,8,5,lambda/input/markup/format/asciidoc_adapter.cpp,78
lambda-data,class,AsciidocAdapter,8,8,0,lambda/input/markup/format/asciidoc_adapter.cpp,89
lambda-data,class,ManAdapter,8,8,0,lambda/input/markup/format/man_adapter.cpp,20
lambda-data,class,MarkdownAdapter,8,8,0,lambda/input/markup/format/markdown_adapter.cpp,20
lambda-data,class,OrgAdapter,8,8,0,lambda/input/markup/format/org_adapter.cpp,18
lambda-data,class,RstAdapter,8,8,0,lambda/input/markup/format/rst_adapter.cpp,17
lambda-data,struct,TextileModifiers,72,8,10,lambda/input/markup/format/textile_adapter.cpp,31
lambda-data,class,TextileAdapter,8,8,0,lambda/input/markup/format/textile_adapter.cpp,148
lambda-data,class,TypstAdapter,8,8,0,lambda/input/markup/format/typst_adapter.cpp,24
lambda-data,class,WikiAdapter,8,8,0,lambda/input/markup/format/wiki_adapter.cpp,17
lambda-data,class,FormatAdapter,8,8,0,lambda/input/markup/format_adapter.hpp,31
lambda-data,class,FormatRegistry,1,1,0,lambda/input/markup/format_adapter.hpp,246
lambda-data,struct,DelimRun,64,8,13,lambda/input/markup/inline/inline_emphasis.cpp,242
lambda-data,struct,InlineMarkupTable,256,1,1,lambda/input/markup/inline/inline_spans.cpp,115
lambda-data,enum,Format,4,4,9,lambda/input/markup/markup_common.hpp,70
lambda-data,enum,Flavor,4,4,11,lambda/input/markup/markup_common.hpp,85
lambda-data,enum,BlockType,4,4,18,lambda/input/markup/markup_common.hpp,114
lambda-data,enum,InlineType,4,4,20,lambda/input/markup/markup_common.hpp,142
lambda-data,struct,DelimiterSpec,24,8,5,lambda/input/markup/markup_common.hpp,175
lambda-data,struct,HeaderInfo,32,8,5,lambda/input/markup/markup_common.hpp,190
lambda-data,struct,ListItemInfo,40,8,9,lambda/input/markup/markup_common.hpp,204
lambda-data,struct,CodeFenceInfo,40,8,6,lambda/input/markup/markup_common.hpp,223
lambda-data,struct,LinkInfo,88,8,11,lambda/input/markup/markup_common.hpp,238
lambda-data,struct,BlockquoteInfo,24,8,3,lambda/input/markup/markup_common.hpp,260
lambda-data,enum,MarkupErrorCategory,4,4,8,lambda/input/markup/markup_common.hpp,275
lambda-data,enum,(anonymous),4,4,4,lambda/input/markup/markup_highlight.cpp,106
lambda-data,struct,RestartRules,16,8,2,lambda/input/markup/markup_highlight.cpp,189
lambda-data,struct,HtmlSpanCollector,48,8,2,lambda/input/markup/markup_highlight.cpp,477
lambda-data,struct,HighlightLines,40,8,5,lambda/input/markup/markup_highlight.hpp,28
lambda-data,struct,RestartState,12,4,3,lambda/input/markup/markup_highlight.hpp,39
lambda-data,enum,(anonymous),4,4,4,lambda/input/markup/markup_highlight.hpp,44
lambda-data,struct,SpanKindName,24,1,1,lambda/input/markup/markup_highlight.hpp,48
lambda-data,struct,MarkupSpan,24,4,6,lambda/input/markup/markup_highlight.hpp,50
lambda-data,struct,HighlightResult,128,8,4,lambda/input/markup/markup_highlight.hpp,56
lambda-data,struct,MarkupSpanSink,216,8,11,lambda/input/markup/markup_highlight.hpp,66
lambda-data,struct,Segment,16,8,3,lambda/input/markup/markup_highlight.hpp,75
lambda-data,struct,LineMap,40,8,5,lambda/input/markup/markup_highlight.hpp,84
lambda-data,struct,InlineOriginScope,32,8,4,lambda/input/markup/markup_highlight.hpp,115
lambda-data,struct,ParseConfig,12,4,5,lambda/input/markup/markup_parser.hpp,29
lambda-data,struct,LinkDefinition,32,8,4,lambda/input/markup/markup_parser.hpp,51
lambda-data,struct,ParserState,160,8,16,lambda/input/markup/markup_parser.hpp,61
lambda-data,class,MarkupParser,480,8,10,lambda/input/markup/markup_parser.hpp,126
lambda-data,struct,SourceLocation,24,8,3,lambda/input/parse_error.hpp,13
lambda-data,enum,ParseErrorSeverity,4,4,3,lambda/input/parse_error.hpp,26
lambda-data,struct,ParseError,64,8,6,lambda/input/parse_error.hpp,33
lambda-data,class,ParseErrorList,40,8,5,lambda/input/parse_error.hpp,68
lambda-data,struct,PDFDecodeParams,20,4,5,lambda/input/pdf_decompress.h,27
lambda-data,struct,QueryBuilder,2072,8,4,lambda/input/rdb_query.cpp,139
lambda-data,enum,RdbExprKind,4,4,10,lambda/input/rdb_query.h,27
lambda-data,enum,RdbCmpOp,4,4,6,lambda/input/rdb_query.h,40
lambda-data,enum,RdbLikeKind,4,4,3,lambda/input/rdb_query.h,49
lambda-data,struct,RdbExpr,32,8,2,lambda/input/rdb_query.h,57
lambda-data,union,(anonymous),24,8,8,lambda/input/rdb_query.h,59
lambda-data,struct,(anonymous),24,8,3,lambda/input/rdb_query.h,67
lambda-data,struct,(anonymous),16,8,2,lambda/input/rdb_query.h,74
lambda-data,struct,(anonymous),8,8,1,lambda/input/rdb_query.h,80
lambda-data,struct,(anonymous),24,8,3,lambda/input/rdb_query.h,85
lambda-data,struct,(anonymous),8,8,1,lambda/input/rdb_query.h,92
lambda-data,struct,(anonymous),24,8,3,lambda/input/rdb_query.h,97
lambda-data,struct,RdbOrderBy,16,8,2,lambda/input/rdb_query.h,109
lambda-data,struct,RdbQueryDesc,48,8,6,lambda/input/rdb_query.h,118
lambda-data,struct,RdbBuiltQuery,24,8,3,lambda/input/rdb_query.h,131
lambda-data,class,SourceTracker,112,8,9,lambda/input/source_tracker.hpp,15
lambda-data,struct,InputAllocationContext,32,8,4,lambda/io/input-allocation-context.h,13
lambda-data,class,MarkBuilder,48,8,6,lambda/io/mark_builder.hpp,43
lambda-data,struct,DeepCopyVisitor,8,8,1,lambda/io/mark_builder.hpp,298
lambda-data,class,ElementBuilder,24,8,3,lambda/io/mark_builder.hpp,336
lambda-data,class,MapBuilder,24,8,3,lambda/io/mark_builder.hpp,472
lambda-data,class,ArrayBuilder,16,8,2,lambda/io/mark_builder.hpp,581
lambda-data,enum,EditMode,4,4,2,lambda/io/mark_editor.hpp,16
lambda-data,struct,EditVersion,40,8,5,lambda/io/mark_editor.hpp,24
lambda-data,class,MarkEditor,96,8,13,lambda/io/mark_editor.hpp,47
lambda-data,struct,MarkOutputBuilderOps,32,8,4,lambda/io/mark_output_builder.hpp,8
lambda-data,struct,MarkOutputBuilder,8,8,1,lambda/io/mark_output_builder.hpp,15
lambda-data,struct,VirtualOutputElement,80,8,1,lambda/io/mark_output_builder.hpp,20
lambda-data,enum,InputResourcePolicy,4,4,2,lambda/io/resource_policy.h,8
lambda-data,enum,TargetScheme,4,4,7,lambda/io/target.h,10
lambda-data,enum,TargetType,4,4,2,lambda/io/target.h,20
lambda-data,struct,Target,32,8,5,lambda/io/target.h,25
lambda-data,union,(anonymous),8,8,2,lambda/io/target.h,30
lambda-data,struct,LambdaModuleState,64,8,11,lambda/lambda-data.hpp,87
lambda-data,struct,LambdaConstPool,16,8,3,lambda/lambda-data.hpp,106
lambda-data,struct,EvalContext,752,8,25,lambda/lambda-data.hpp,119
lambda-data,struct,TypeInfo,32,8,4,lambda/lambda-data.hpp,172
lambda-data,enum,DecimalKind,1,1,3,lambda/lambda-data.hpp,185
lambda-data,struct,Decimal,56,8,2,lambda/lambda-data.hpp,191
lambda-data,struct,Complex,24,8,3,lambda/lambda-data.hpp,210
lambda-data,struct,TypedItem,9,1,2,lambda/lambda-data.hpp,223
lambda-data,union,(anonymous),8,1,21,lambda/lambda-data.hpp,225
lambda-data,struct,TypeConst,8,4,1,lambda/lambda-data.hpp,265
lambda-data,struct,TypeFloat,16,8,1,lambda/lambda-data.hpp,269
lambda-data,struct,TypeComplex,24,8,2,lambda/lambda-data.hpp,273
lambda-data,struct,TypeInt64,16,8,1,lambda/lambda-data.hpp,278
lambda-data,struct,TypeNumSized,16,4,2,lambda/lambda-data.hpp,282
lambda-data,struct,TypeUint64,16,8,1,lambda/lambda-data.hpp,295
lambda-data,struct,TypeDateTime,16,8,1,lambda/lambda-data.hpp,299
lambda-data,struct,TypeDecimal,16,8,1,lambda/lambda-data.hpp,303
lambda-data,struct,TypeString,16,8,1,lambda/lambda-data.hpp,307
lambda-data,struct,TypeBinaryConst,16,8,1,lambda/lambda-data.hpp,313
lambda-data,struct,TypeArray,48,8,5,lambda/lambda-data.hpp,317
lambda-data,struct,JsAccessorCell,24,8,5,lambda/lambda-data.hpp,341
lambda-data,struct,ShapeEntry,104,8,14,lambda/lambda-data.hpp,353
lambda-data,struct,TypeMap,128,8,22,lambda/lambda-data.hpp,429
lambda-data,struct,TypeMapTransition,40,8,9,lambda/lambda-data.hpp,543
lambda-data,struct,TypeAlloc,16,8,2,lambda/lambda-data.hpp,754
lambda-data,struct,TypeElmt,168,8,4,lambda/lambda-data.hpp,1016
lambda-data,struct,TypeMethod,64,8,9,lambda/lambda-data.hpp,1035
lambda-data,struct,TypeNominal,72,8,8,lambda/lambda-data.hpp,1059
lambda-data,struct,TypeObject,232,8,7,lambda/lambda-data.hpp,1077
lambda-data,enum,PatternCharClass,4,4,6,lambda/lambda-data.hpp,1088
lambda-data,struct,TypeBinary,32,8,4,lambda/lambda-data.hpp,1099
lambda-data,struct,TypeUnary,32,8,5,lambda/lambda-data.hpp,1117
lambda-data,struct,TypeConstrained,56,8,6,lambda/lambda-data.hpp,1131
lambda-data,struct,TypeBinder,40,8,5,lambda/lambda-data.hpp,1147
lambda-data,struct,TypeBoundRef,24,8,3,lambda/lambda-data.hpp,1157
lambda-data,struct,TypeParam,72,8,9,lambda/lambda-data.hpp,1163
lambda-data,struct,TypeFunc,80,8,20,lambda/lambda-data.hpp,1186
lambda-data,struct,TypeSysFunc,16,8,1,lambda/lambda-data.hpp,1214
lambda-data,struct,TypeType,16,8,1,lambda/lambda-data.hpp,1218
lambda-data,struct,TypeRange,32,8,3,lambda/lambda-data.hpp,1222
lambda-data,struct,TypePattern,48,8,6,lambda/lambda-data.hpp,1232
lambda-data,struct,Pack,32,8,4,lambda/lambda-data.hpp,1241
lambda-data,struct,Input,168,8,26,lambda/lambda-data.hpp,1574
lambda-data,struct,TypeTreeStep,24,8,3,lambda/lambda-data.hpp,1696
lambda-data,enum,EnumTypeId,4,4,30,lambda/lambda.h,86
lambda-data,enum,EnumNumSizedType,4,4,9,lambda/lambda.h,263
lambda-data,enum,EnumArrayNumElemType,4,4,17,lambda/lambda.h,280
lambda-data,enum,BoolEnum,4,4,3,lambda/lambda.h,390
lambda-data,enum,VirtualOpStatus,4,4,4,lambda/lambda.h,399
lambda-data,enum,SysFunc,4,4,243,lambda/lambda.h,409
lambda-data,struct,Type,2,1,5,lambda/lambda.h,695
lambda-data,struct,LambdaGcContainerLayout,8,1,8,lambda/lambda.h,717
lambda-data,struct,LambdaGcMapLayout,32,8,4,lambda/lambda.h,728
lambda-data,struct,LambdaGcListLayout,64,8,5,lambda/lambda.h,735
lambda-data,struct,LambdaGcTypeMapLayout,48,8,9,lambda/lambda.h,743
lambda-data,struct,LambdaGcShapeEntryLayout,32,8,4,lambda/lambda.h,755
lambda-data,struct,LambdaGcTypedItemLayout,9,1,2,lambda/lambda.h,763
lambda-data,struct,LambdaGcArrayNumShapeLayout,32,8,7,lambda/lambda.h,769
lambda-data,struct,LambdaGcVMapVtableLayout,64,8,8,lambda/lambda.h,780
lambda-data,struct,LambdaGcVMapLayout,24,8,3,lambda/lambda.h,791
lambda-data,struct,LambdaGcVirtualVtableLayout,32,8,6,lambda/lambda.h,799
lambda-data,struct,LambdaGcVirtualContainerLayout,48,8,6,lambda/lambda.h,808
lambda-data,struct,LambdaGcFunctionLayout,32,8,8,lambda/lambda.h,817
lambda-data,enum,LambdaGcLayoutOffset,4,4,33,lambda/lambda.h,828
lambda-data,enum,SymbolKindValue,4,4,5,lambda/lambda.h,930
lambda-data,struct,Symbol,16,8,5,lambda/lambda.h,938
lambda-data,union,(anonymous),8,8,2,lambda/lambda.h,942
lambda-data,enum,BinaryFlags,4,4,2,lambda/lambda.h,963
lambda-data,struct,Binary,24,8,7,lambda/lambda.h,970
lambda-data,enum,MapKind,4,4,19,lambda/lambda.h,983
lambda-data,enum,ContainerCowState,4,4,1,lambda/lambda.h,1026
lambda-data,struct,Container,8,1,8,lambda/lambda.h,1035
lambda-data,union,(anonymous),1,1,2,lambda/lambda.h,1037
lambda-data,struct,(anonymous),1,1,8,lambda/lambda.h,1039
lambda-data,enum,JsElementsKind,4,4,5,lambda/lambda.h,1137
lambda-data,enum,LaneStorageKind,4,4,8,lambda/lambda.h,1177
lambda-data,struct,LaneStorageDesc,24,8,8,lambda/lambda.h,1188
lambda-data,enum,ArrayRepCertFlags,4,4,5,lambda/lambda.h,1202
lambda-data,struct,ArrayRepCert,56,8,8,lambda/lambda.h,1213
lambda-data,enum,ArrayNumBackingKind,4,4,5,lambda/lambda.h,1397
lambda-data,struct,ArrayNumShape,40,8,11,lambda/lambda.h,1407
lambda-data,enum,(anonymous),4,4,1,lambda/lambda.h,1547
lambda-data,enum,(anonymous),4,4,1,lambda/lambda.h,1551
lambda-data,enum,(anonymous),4,4,10,lambda/lambda.h,1557
lambda-data,enum,(anonymous),4,4,3,lambda/lambda.h,1578
lambda-data,struct,Function,72,8,13,lambda/lambda.h,1587
lambda-data,union,(anonymous),4,4,2,lambda/lambda.h,1594
lambda-data,struct,(anonymous),4,4,9,lambda/lambda.h,1596
lambda-data,struct,LambdaGcScopeCheckpoint,16,8,3,lambda/lambda.h,1732
lambda-data,struct,Context,288,8,21,lambda/lambda.h,2537
lambda-data,struct,PropertyKeySpec,16,4,4,lambda/lambda.h,2591
lambda-data,struct,LambdaModuleLayout,32,8,7,lambda/lambda.h,2606
lambda-data,struct,LambdaModuleVarRef,8,4,2,lambda/lambda.h,2624
lambda-data,struct,LambdaBoundary,40,8,5,lambda/lambda.h,2940
lambda-data,enum,(anonymous),4,4,5,lambda/lambda.h,3053
lambda-data,enum,(anonymous),4,4,1,lambda/lambda.h,3253
lambda-data,enum,LambdaExecCallKind,4,4,14,lambda/lambda.h,3496
lambda-data,enum,TypeKind,4,4,9,lambda/lambda.hpp,17
lambda-data,struct,Name,16,8,2,lambda/lambda.hpp,36
lambda-data,struct,Item,8,8,1,lambda/lambda.hpp,53
lambda-data,union,(anonymous),8,8,29,lambda/lambda.hpp,54
lambda-data,struct,(anonymous),8,8,2,lambda/lambda.hpp,56
lambda-data,struct,ConstItem,8,8,1,lambda/lambda.hpp,264
lambda-data,union,(anonymous),8,8,17,lambda/lambda.hpp,265
lambda-data,struct,Range,40,8,4,lambda/lambda.hpp,409
lambda-data,struct,Map,32,8,3,lambda/lambda.hpp,422
lambda-data,struct,List,72,8,5,lambda/lambda.hpp,436
lambda-data,struct,ArrayNum,72,8,5,lambda/lambda.hpp,719
lambda-data,union,(anonymous),8,8,3,lambda/lambda.hpp,722
lambda-data,struct,SparseArrayMap,48,8,2,lambda/lambda.hpp,903
lambda-data,struct,Element,72,8,0,lambda/lambda.hpp,910
lambda-data,struct,VMapVtable,64,8,8,lambda/lambda.hpp,937
lambda-data,struct,VMap,48,8,5,lambda/lambda.hpp,948
lambda-data,struct,VirtualVtable,32,8,6,lambda/lambda.hpp,978
lambda-data,struct,VMapOps,56,8,7,lambda/lambda.hpp,987
lambda-data,struct,VArrayOps,32,8,4,lambda/lambda.hpp,997
lambda-data,struct,VArrayVtable,64,8,2,lambda/lambda.hpp,1005
lambda-data,struct,VelmtOps,104,8,4,lambda/lambda.hpp,1010
lambda-data,struct,VelmtVtable,136,8,2,lambda/lambda.hpp,1017
lambda-data,struct,VirtualContainer,48,8,5,lambda/lambda.hpp,1024
lambda-data,struct,VArray,48,8,5,lambda/lambda.hpp,1032
lambda-data,struct,Velmt,48,8,5,lambda/lambda.hpp,1040
lambda-data,enum,SameSitePolicy,4,4,3,lambda/network/cookie_jar.h,19
lambda-data,struct,CookieEntry,56,8,9,lambda/network/cookie_jar.h,26
lambda-data,struct,CookieJar,96,8,7,lambda/network/cookie_jar.h,39
lambda-data,struct,CurlMultiRequest,16,8,2,lambda/network/curl_multi_backend.cpp,23
lambda-data,struct,HeaderCallbackCtx,24,8,3,lambda/network/curl_multi_backend.cpp,28
lambda-data,struct,CurlMultiTransfer,64,8,5,lambda/network/curl_multi_backend.cpp,34
lambda-data,struct,CurlMultiBackend,160,8,11,lambda/network/curl_multi_backend.cpp,42
lambda-data,struct,HttpCacheHeaders,40,8,6,lambda/network/enhanced_file_cache.h,19
lambda-data,struct,CacheMetadata,56,8,7,lambda/network/enhanced_file_cache.h,29
lambda-data,struct,EnhancedFileCache,376,8,13,lambda/network/enhanced_file_cache.h,40
lambda-data,struct,FontResourceFaceNode,16,8,2,lambda/network/font_resource_faces.cpp,6
lambda-data,struct,FontResourceFaceList,24,8,1,lambda/network/font_resource_faces.cpp,12
lambda-data,struct,DownloadProgressCtx,8,8,1,lambda/network/network_downloader.cpp,73
lambda-data,struct,HeaderCallbackCtx,24,8,3,lambda/network/network_downloader.cpp,112
lambda-data,struct,ResourceEntry,16,8,2,lambda/network/network_resource_manager.cpp,23
lambda-data,enum,ResourceType,4,4,7,lambda/network/network_resource_manager.h,30
lambda-data,enum,ResourceState,4,4,5,lambda/network/network_resource_manager.h,42
lambda-data,struct,NetworkResource,176,8,28,lambda/network/network_resource_manager.h,51
lambda-data,struct,NetworkResourceManager,296,8,27,lambda/network/network_resource_manager.h,99
lambda-data,struct,ScheduledTask,48,8,6,lambda/network/network_scheduler.cpp,21
lambda-data,struct,OriginCounter,16,8,2,lambda/network/network_scheduler.cpp,30
lambda-data,struct,NetworkScheduler,232,8,14,lambda/network/network_scheduler.cpp,35
lambda-data,struct,NetworkSchedulerConfig,20,4,5,lambda/network/network_scheduler.h,16
lambda-data,struct,WorkRequest,160,8,5,lambda/network/network_thread_pool.cpp,25
lambda-data,enum,ResourcePriority,4,4,4,lambda/network/network_thread_pool.h,18
lambda-data,struct,DownloadTask,32,8,4,lambda/network/network_thread_pool.h,29
lambda-data,struct,NetworkThreadPool,20,4,5,lambda/network/network_thread_pool.h,37
lambda-data,enum,(anonymous),4,4,5,lambda/network/radiant_state_store.cpp,17
lambda-data,enum,StateCookieCommandKind,4,4,2,lambda/network/radiant_state_store.cpp,25
lambda-data,struct,StateCookieCommand,88,8,5,lambda/network/radiant_state_store.cpp,30
lambda-data,struct,RadiantStateStore,160,8,9,lambda/network/radiant_state_store.cpp,38
lambda-data,enum,RadiantStateStorageScope,4,4,2,lambda/network/radiant_state_store.h,17
lambda-data,struct,RadiantStateCookie,56,8,9,lambda/network/radiant_state_store.h,22
lambda-data,struct,NetworkResourceProcessor,72,8,9,lambda/network/resource_processor_hook.h,9
lambda.exe,struct,JsDocumentSession,576,8,2,lambda/main.cpp,225
lambda.exe,struct,JsBatchDocument,600,8,4,lambda/main.cpp,282
lambda.exe,struct,JsBatchStackArgs,24,8,3,lambda/main.cpp,360
lambda.exe,struct,JsCliRunArgs,48,8,6,lambda/main.cpp,400
lambda.exe,struct,JsTest262AstHarness,24,8,3,lambda/main.cpp,527
lambda.exe,struct,JsBatchLifecycleTiming,40,8,5,lambda/main.cpp,602
lambda.exe,struct,DocWindowLaunchOptions,184,8,10,lambda/main.cpp,857
lambda.exe,struct,NodeRunnerOptions,1176,8,10,lambda/main.cpp,1921
lib,struct,ArenaRetiredBlock,16,8,2,lib/arena.c,34
lib,struct,ArenaChunk,256,256,4,lib/arena.c,43
lib,struct,Arena,256,8,27,lib/arena.c,53
lib,struct,ArenaStats,160,8,20,lib/arena.h,42
lib,struct,ArenaMark,24,8,3,lib/arena.h,205
lib,struct,_ArrayList,16,8,3,lib/arraylist.h,67
lib,struct,atomic_int32,4,4,1,lib/atomic.h,26
lib,struct,atomic_int64,8,8,1,lib/atomic.h,31
lib,struct,PrintContext,16,8,2,lib/avl_tree.c,15
lib,struct,AvlNode,48,8,6,lib/avl_tree.h,19
lib,struct,AvlTree,40,8,6,lib/avl_tree.h,33
lib,struct,AvlTreeStats,32,8,6,lib/avl_tree.h,228
lib,enum,Base64Variant,4,4,2,lib/base64.h,17
lib,struct,ByteBuilder,32,8,5,lib/byte_builder.h,17
lib,enum,ByteStorageFlags,4,4,4,lib/byte_storage.h,19
lib,struct,ByteStorage,48,8,6,lib/byte_storage.h,26
lib,struct,ByteSpan,24,8,3,lib/byte_storage.h,36
lib,enum,ByteBufferFlags,4,4,4,lib/byte_storage.h,42
lib,struct,ByteBufferHandle,48,8,7,lib/byte_storage.h,51
lib,struct,DateTime,8,8,1,lib/datetime.h,18
lib,union,(anonymous),8,8,2,lib/datetime.h,19
lib,struct,(anonymous),8,8,9,lib/datetime.h,20
lib,enum,DateTimeParseFormat,4,4,5,lib/datetime.h,41
lib,enum,DateTimePrecision,4,4,4,lib/datetime.h,50
lib,enum,DateTimeFormat,4,4,4,lib/datetime.h,58
lib,struct,DigestCtx,40,8,3,lib/digest.c,9
lib,enum,DigestAlgorithm,4,4,6,lib/digest.h,12
lib,struct,(anonymous),16,8,2,lib/emoji_shortcodes.cpp,6
lib,struct,EscapeRule,16,8,2,lib/escape.h,16
lib,enum,EscapeCtrlMode,4,4,4,lib/escape.h,21
lib,enum,EscapeQuotedOptions,4,4,4,lib/escape.h,31
lib,enum,EscapeCssEofMode,4,4,3,lib/escape.h,54
lib,enum,EscapeBashAnsiMode,4,4,3,lib/escape.h,60
lib,struct,FiberStack,40,8,5,lib/fiber.h,21
lib,struct,FileStat,32,8,8,lib/file.h,46
lib,struct,FileCopyOptions,2,1,2,lib/file.h,61
lib,struct,FindCtx,24,8,3,lib/file_utils.c,431
lib,struct,DirEntry,16,8,3,lib/file_utils.h,17
lib,struct,FontContextConfig,64,8,10,lib/font/font.h,42
lib,enum,FontWeight,4,4,9,lib/font/font.h,69
lib,enum,FontSlant,4,4,3,lib/font/font.h,81
lib,struct,FontStyleDesc,32,8,5,lib/font/font.h,87
lib,struct,FontMetrics,92,4,24,lib/font/font.h,126
lib,struct,GlyphInfo,32,4,8,lib/font/font.h,159
lib,enum,FontPathCommand,4,4,4,lib/font/font.h,176
lib,enum,GlyphRenderMode,4,4,4,lib/font/font.h,208
lib,enum,GlyphPixelMode,4,4,4,lib/font/font.h,216
lib,struct,GlyphBitmap,40,8,9,lib/font/font.h,223
lib,struct,LoadedGlyph,72,8,9,lib/font/font.h,241
lib,struct,TextExtents,12,4,3,lib/font/font.h,280
lib,struct,FontFaceSource,16,8,2,lib/font/font.h,392
lib,struct,FontFaceUnicodeRange,8,4,2,lib/font/font.h,397
lib,struct,FontFaceDesc,48,8,7,lib/font/font.h,403
lib,struct,FontMatchResult,40,8,7,lib/font/font.h,494
lib,struct,FontCacheStats,48,8,9,lib/font/font.h,522
lib,struct,LruScanState,16,8,2,lib/font/font_cache.c,163
lib,struct,CblcBitmapSize,20,4,7,lib/font/font_cbdt.c,41
lib,struct,IndexSubtableArrayEntry,8,4,3,lib/font/font_cbdt.c,71
lib,struct,CbdtBitmap,24,8,6,lib/font/font_cbdt.h,28
lib,struct,ColrHeader,32,8,5,lib/font/font_colr.c,38
lib,struct,ColrLayer,6,2,5,lib/font/font_colr.h,26
lib,struct,ColrGlyph,16,8,2,lib/font/font_colr.h,32
lib,struct,(anonymous),72,8,2,lib/font/font_config.c,164
lib,struct,UnicodeBlock,80,8,4,lib/font/font_config.c,181
lib,struct,TTF_Header,12,4,5,lib/font/font_config.c,205
lib,struct,TTF_Table_Directory,16,4,4,lib/font/font_config.c,213
lib,struct,FontCacheHeader,40,8,8,lib/font/font_config.c,220
lib,struct,FontCacheEntry,64,8,13,lib/font/font_config.c,231
lib,struct,TTC_Header,12,4,3,lib/font/font_config.c,791
lib,enum,FontFormat,4,4,6,lib/font/font_config.h,30
lib,enum,FontStyle,4,4,3,lib/font/font_config.h,39
lib,struct,DocFontScanState,16,8,3,lib/font/font_context.c,336
lib,struct,TTF_Table_Dir,16,4,4,lib/font/font_database.c,86
lib,struct,(anonymous),72,8,2,lib/font/font_database.c,118
lib,struct,WoffHeader,44,4,13,lib/font/font_decompress.cpp,27
lib,struct,WoffTableDir,20,4,5,lib/font/font_decompress.cpp,44
lib,struct,SfntTableDir,16,4,4,lib/font/font_decompress.cpp,53
lib,struct,(anonymous),40,8,2,lib/font/font_fallback.c,106
lib,struct,PlatformFbEntry,24,8,4,lib/font/font_fallback.c,338
lib,struct,GlyfParseBudget,12,4,3,lib/font/font_glyf.c,62
lib,struct,GlyfPoint,12,4,3,lib/font/font_glyf.h,33
lib,struct,GlyfContour,16,8,2,lib/font/font_glyf.h,38
lib,struct,GlyphOutline,24,8,6,lib/font/font_glyf.h,43
lib,struct,GposPairSub,24,8,3,lib/font/font_gpos.c,144
lib,struct,GposSingleSub,24,8,3,lib/font/font_gpos.c,150
lib,struct,GposTable,3104,8,6,lib/font/font_gpos.c,159
lib,enum,FontFormat,4,4,6,lib/font/font_internal.h,44
lib,enum,FontBackendKind,4,4,4,lib/font/font_internal.h,53
lib,struct,FontHandle,1048,8,36,lib/font/font_internal.h,70
lib,struct,FontUnicodeRange,16,8,3,lib/font/font_internal.h,148
lib,struct,FontEntry,88,8,15,lib/font/font_internal.h,154
lib,struct,FontFamily,32,8,4,lib/font/font_internal.h,181
lib,struct,FontDatabase,96,8,14,lib/font/font_internal.h,192
lib,struct,FontDatabaseCriteria,280,4,6,lib/font/font_internal.h,218
lib,struct,FontDatabaseResult,24,8,5,lib/font/font_internal.h,227
lib,struct,FontFaceEntry,64,8,9,lib/font/font_internal.h,239
lib,struct,FontFaceEntrySrc,16,8,2,lib/font/font_internal.h,246
lib,struct,FontFaceEntrySrc,16,8,2,lib/font/font_internal.h,246
lib,struct,FontContext,248,8,29,lib/font/font_internal.h,264
lib,struct,FontCacheKey,24,8,3,lib/font/font_internal.h,361
lib,struct,FontFileDataEntry,32,8,5,lib/font/font_internal.h,371
lib,struct,GlyphAdvanceEntry,12,4,3,lib/font/font_internal.h,383
lib,struct,KernPairEntry,12,4,3,lib/font/font_internal.h,393
lib,struct,CodepointFallbackEntry,32,8,5,lib/font/font_internal.h,403
lib,struct,BitmapCacheEntry,64,8,5,lib/font/font_internal.h,415
lib,struct,LoadedGlyphCacheEntry,96,8,6,lib/font/font_internal.h,429
lib,struct,FontPathForwarder,24,8,4,lib/font/font_path.c,4
lib,struct,FontCtPathVisit,40,8,7,lib/font/font_rasterize_ct.c,114
lib,struct,CmapFormat4,56,8,7,lib/font/font_tables.c,38
lib,struct,CmapFormat12,16,8,2,lib/font/font_tables.c,52
lib,struct,CmapSubtable,56,8,1,lib/font/font_tables.c,61
lib,union,(anonymous),56,8,2,lib/font/font_tables.c,62
lib,struct,HeadTable,24,4,9,lib/font/font_tables.h,36
lib,struct,HheaTable,10,2,5,lib/font/font_tables.h,45
lib,struct,MaxpTable,2,2,1,lib/font/font_tables.h,53
lib,struct,Os2Table,52,2,26,lib/font/font_tables.h,57
lib,struct,PostTable,12,4,4,lib/font/font_tables.h,90
lib,struct,CmapTable,16,8,2,lib/font/font_tables.h,100
lib,struct,HmtxTable,16,8,3,lib/font/font_tables.h,106
lib,struct,KernTable,16,8,3,lib/font/font_tables.h,113
lib,struct,FvarAxis,20,4,5,lib/font/font_tables.h,120
lib,struct,FvarTable,16,8,2,lib/font/font_tables.h,128
lib,struct,NameTable,24,8,3,lib/font/font_tables.h,134
lib,struct,FontTableDir,16,4,4,lib/font/font_tables.h,144
lib,struct,FontTables,136,8,18,lib/font/font_tables.h,155
lib,enum,FtsStatus,4,4,5,lib/fts/fts.h,29
lib,enum,FtsUnit,4,4,3,lib/fts/fts.h,37
lib,enum,FtsRank,4,4,3,lib/fts/fts.h,43
lib,struct,FtsOptions,56,8,10,lib/fts/fts.h,49
lib,struct,FtsHit,64,8,8,lib/fts/fts.h,74
lib,struct,FtsSpan,24,8,3,lib/fts/fts.h,100
lib,struct,FtsToken,48,8,7,lib/fts/fts_internal.hpp,9
lib,struct,FtsTokenizer,80,8,11,lib/fts/fts_internal.hpp,17
lib,enum,FtsAtomKind,4,4,4,lib/fts/fts_internal.hpp,44
lib,struct,FtsAtom,24,8,3,lib/fts/fts_internal.hpp,52
lib,struct,FtsLeaf,16,8,3,lib/fts/fts_internal.hpp,61
lib,enum,FtsNodeKind,4,4,4,lib/fts/fts_internal.hpp,67
lib,struct,FtsNode,24,8,4,lib/fts/fts_internal.hpp,69
lib,struct,FtsQuery,192,8,22,lib/fts/fts_internal.hpp,76
lib,struct,FtsEval,48,8,6,lib/fts/fts_internal.hpp,100
lib,struct,IntList,16,8,3,lib/fts/fts_query.cpp,71
lib,struct,DocScan,136,8,3,lib/fts/fts_query.cpp,651
lib,struct,FtsDocRec,40,8,5,lib/fts/fts_search.cpp,34
lib,struct,FtsFileHits,64,8,8,lib/fts/fts_search.cpp,41
lib,struct,FtsSlot,184,8,9,lib/fts/fts_search.cpp,54
lib,struct,FtsSearch,144,8,11,lib/fts/fts_search.cpp,65
lib,struct,FtsDocSpan,32,8,4,lib/fts/fts_search.cpp,81
lib,struct,FtsReader,48,8,6,lib/fts/fts_search.cpp,177
lib,struct,FtsFileScan,72,8,9,lib/fts/fts_search.cpp,236
lib,struct,FtsRanked,72,8,2,lib/fts/fts_search.cpp,507
lib,enum,FtsClass,4,4,4,lib/fts/fts_token.cpp,47
lib,enum,GrepStatus,4,4,7,lib/grep/grep.h,32
lib,struct,GrepOptions,40,8,14,lib/grep/grep.h,42
lib,enum,GrepLineEnding,4,4,3,lib/grep/grep.h,61
lib,struct,GrepMatch,72,8,9,lib/grep/grep.h,67
lib,enum,GrepAction,4,4,3,lib/grep/grep.h,79
lib,struct,GrepSink,32,8,4,lib/grep/grep.h,85
lib,struct,GrepWalkOptions,72,8,11,lib/grep/grep.h,125
lib,struct,GrepWalkVisitor,24,8,3,lib/grep/grep.h,160
lib,enum,GrepTier,4,4,3,lib/grep/grep_internal.hpp,12
lib,struct,GrepLiteralPlan,4848,8,7,lib/grep/grep_internal.hpp,22
lib,struct,GrepMatcher,4920,8,7,lib/grep/grep_internal.hpp,37
lib,struct,Lit,24,8,3,lib/grep/grep_literal.cpp,19
lib,struct,LitSet,12,4,3,lib/grep/grep_literal.cpp,27
lib,struct,Ctx,56,8,7,lib/grep/grep_literal.cpp,33
lib,struct,GrepLine,32,8,4,lib/grep/grep_searcher.cpp,27
lib,struct,GrepSearcher,160,8,24,lib/grep/grep_searcher.cpp,34
lib,struct,GrepStream,72,8,7,lib/grep/grep_searcher.cpp,63
lib,struct,GrepRec,64,8,10,lib/grep/grep_walk.cpp,34
lib,struct,GrepFileResult,112,8,13,lib/grep/grep_walk.cpp,45
lib,struct,GrepWalk,144,8,11,lib/grep/grep_walk.cpp,60
lib,struct,GrepSearchRun,136,8,11,lib/grep/grep_walk.cpp,74
lib,struct,GrepDirJob,48,8,6,lib/grep/grep_walk.cpp,88
lib,struct,GrepFileJob,32,8,4,lib/grep/grep_walk.cpp,97
lib,struct,GrepIgnoreRule,24,8,5,lib/grep/grep_walk.hpp,7
lib,struct,GrepIgnoreNode,48,8,6,lib/grep/grep_walk.hpp,18
lib,struct,bucket,8,8,2,lib/hashmap.c,31
lib,struct,hashmap,168,8,23,lib/hashmap.h,17
lib,struct,HtmlEntityEntry,16,8,2,lib/html_entities.cpp,14
lib,struct,HtmlEntityWriteBuffer,16,8,2,lib/html_entities.cpp,108
lib,struct,HtmlEntityDecodeResult,32,8,4,lib/html_entities.h,36
lib,struct,HtmlEntityDecodeResult,32,8,4,lib/html_entities.h,36
lib,enum,ImageType,4,4,5,lib/image.c,167
lib,struct,GifMemoryReader,24,8,3,lib/image.c,175
lib,struct,PngMemoryReader,24,8,3,lib/image.c,717
lib,struct,PngErrorContext,216,8,5,lib/image.c,737
lib,struct,GifFrameData,16,8,3,lib/image.h,61
lib,struct,GifFrames,24,8,5,lib/image.h,67
lib,struct,LineFramer,40,8,2,lib/line_framer.h,14
lib,enum,log_level,4,4,7,lib/log.h,60
lib,struct,log_format_s,336,4,6,lib/log.h,71
lib,struct,log_rule_s,388,4,4,lib/log.h,81
lib,struct,log_category_s,352,8,6,lib/log.h,89
lib,struct,LruNode,48,8,6,lib/lru_cache.c,19
lib,struct,LruRecord,8,8,1,lib/lru_cache.c,28
lib,struct,LruCache,80,8,6,lib/lru_cache.c,32
lib,struct,LruCacheConfig,40,8,5,lib/lru_cache.h,29
lib,struct,MemJoinContext,8,4,2,lib/mem_alloc.c,72
lib,struct,MemNode,104,8,15,lib/mem_context.c,25
lib,struct,MemContext,56,8,9,lib/mem_context.c,43
lib,struct,MemReclaimerEntry,32,8,5,lib/mem_context.c,57
lib,struct,MemReclaimerCall,16,8,2,lib/mem_context.c,65
lib,struct,MemDocEntry,32,8,5,lib/mem_context.c,71
lib,struct,JBuf,24,8,3,lib/mem_context.c,716
lib,enum,MemKind,4,4,9,lib/mem_context.h,35
lib,enum,MemRole,4,4,17,lib/mem_context.h,48
lib,enum,MemPressureLevel,4,4,5,lib/mem_context.h,74
lib,struct,MemStatSample,256,8,32,lib/mem_context.h,106
lib,struct,MemSnapshot,56,8,8,lib/mem_context.h,142
lib,struct,KindIsVoid,1,1,0,lib/mem_kind.hpp,44
lib,struct,KindIsVoid,1,1,0,lib/mem_kind.hpp,45
lib,struct,NodeProcess,1,1,0,lib/mem_node.hpp,15
lib,struct,NodeDocument,1,1,0,lib/mem_node.hpp,16
lib,struct,NodeViewTree,1,1,0,lib/mem_node.hpp,17
lib,struct,NodeDocState,1,1,0,lib/mem_node.hpp,18
lib,struct,NodeStack,1,1,0,lib/mem_node.hpp,19
lib,struct,MemVmRegion,80,8,11,lib/mem_vm.c,19
lib,struct,PoolCleanup,24,8,3,lib/mempool.c,107
lib,struct,PoolBlock,32,8,5,lib/mempool.c,120
lib,struct,PoolFreeLinks,16,8,2,lib/mempool.c,128
lib,struct,PoolExtent,88,8,12,lib/mempool.c,141
lib,struct,Pool,384,8,19,lib/mempool.c,156
lib,struct,PoolStats,56,8,7,lib/mempool.h,140
lib,struct,MemAllocHeader,16,8,2,lib/memtrack.c,34
lib,struct,AllocInfo,56,8,7,lib/memtrack.c,109
lib,struct,SnapshotEntry,2488,8,3,lib/memtrack.c,120
lib,struct,MemtrackState,42416,8,13,lib/memtrack.c,127
lib,struct,LogAllocCtx,8,4,2,lib/memtrack.c,913
lib,enum,MemCategory,4,4,44,lib/memtrack.h,49
lib,enum,MemtrackMode,4,4,3,lib/memtrack.h,122
lib,struct,MemtrackCategoryStats,56,8,7,lib/memtrack.h,132
lib,struct,MemtrackStats,2480,8,10,lib/memtrack.h,142
lib,struct,MimePattern,48,8,7,lib/mime-detect.h,10
lib,struct,MimeGlob,24,8,3,lib/mime-detect.h,20
lib,struct,MimeDetector,40,8,5,lib/mime-detect.h,26
lib,struct,GcHeapDomain,1,1,0,lib/ownership.hpp,15
lib,struct,PoolDomain,1,1,0,lib/ownership.hpp,16
lib,struct,LayoutSessionDomain,1,1,0,lib/ownership.hpp,17
lib,struct,InputScratchDomain,1,1,0,lib/ownership.hpp,18
lib,struct,StaticDomain,1,1,0,lib/ownership.hpp,22
lib,struct,DomainOutlives,1,1,0,lib/ownership.hpp,43
lib,struct,DomainOutlives,1,1,0,lib/ownership.hpp,44
lib,struct,DomainOutlives,1,1,0,lib/ownership.hpp,45
lib,struct,DomainOutlives,1,1,0,lib/ownership.hpp,46
lib,struct,DomainOutlives,1,1,0,lib/ownership.hpp,47
lib,struct,DomainOutlives,1,1,0,lib/ownership.hpp,50
lib,struct,DomainOutlives,1,1,0,lib/ownership.hpp,51
lib,struct,DomainOutlives,1,1,0,lib/ownership.hpp,52
lib,struct,DomainOutlives,1,1,0,lib/ownership.hpp,53
lib,struct,DomainOutlives,1,1,0,lib/ownership.hpp,54
lib,struct,DomainOutlives,1,1,0,lib/ownership.hpp,55
lib,struct,DomainOutlives,1,1,0,lib/ownership.hpp,56
lib,struct,DomainTraits,1,1,0,lib/ownership.hpp,61
lib,struct,DomainTraits,1,1,0,lib/ownership.hpp,67
lib,struct,DomainTraits,1,1,0,lib/ownership.hpp,73
lib,struct,DomainTraits,1,1,0,lib/ownership.hpp,83
lib,enum,PdfObjType,4,4,11,lib/pdf_writer.c,30
lib,struct,Base14Font,16,8,2,lib/pdf_writer.c,45
lib,struct,PdfObject,24,8,3,lib/pdf_writer.c,69
lib,struct,HPDF_Font_Rec,48,8,5,lib/pdf_writer.c,76
lib,struct,HPDF_ExtGState_Rec,40,8,6,lib/pdf_writer.c,84
lib,struct,HPDF_Image_Rec,88,8,12,lib/pdf_writer.c,93
lib,struct,PdfLinkAnnotation,40,8,7,lib/pdf_writer.c,110
lib,struct,PdfNamedDestination,32,8,5,lib/pdf_writer.c,117
lib,struct,PdfOutline,80,8,11,lib/pdf_writer.c,124
lib,struct,HPDF_Page_Rec,128,8,22,lib/pdf_writer.c,139
lib,struct,HPDF_Doc_Rec,216,8,28,lib/pdf_writer.c,170
lib,enum,HPDF_InfoType,4,4,8,lib/pdf_writer.h,59
lib,struct,PriorityQueueEntry,16,8,2,lib/priority_queue.h,16
lib,struct,PriorityQueue,24,8,3,lib/priority_queue.h,22
lib,struct,QueueNode,8,8,1,lib/queue.h,7
lib,struct,Queue,24,8,3,lib/queue.h,11
lib,struct,RdbRedactBuf,24,8,3,lib/rdb.c,117
lib,struct,RdbConnLife,368,8,11,lib/rdb.c,218
lib,struct,RdbOpenCtx,40,8,6,lib/rdb.c,232
lib,struct,RdbStmt,24,8,3,lib/rdb.c,241
lib,struct,RdbConn,1464,8,9,lib/rdb.h,39
lib,struct,RdbRegistryHooks,24,8,3,lib/rdb.h,187
lib,enum,RdbType,4,4,10,lib/rdb_abi.h,43
lib,struct,RdbColumn,32,8,6,lib/rdb_abi.h,61
lib,struct,RdbIndex,24,8,4,lib/rdb_abi.h,71
lib,struct,RdbTrigger,24,8,3,lib/rdb_abi.h,79
lib,struct,RdbFunction,24,8,4,lib/rdb_abi.h,86
lib,struct,RdbForeignKey,32,8,4,lib/rdb_abi.h,94
lib,struct,RdbTable,88,8,12,lib/rdb_abi.h,102
lib,struct,RdbSchema,32,8,4,lib/rdb_abi.h,118
lib,struct,RdbParam,16,8,2,lib/rdb_abi.h,129
lib,union,(anonymous),8,8,4,lib/rdb_abi.h,131
lib,struct,RdbValue,24,8,3,lib/rdb_abi.h,143
lib,union,(anonymous),16,8,4,lib/rdb_abi.h,146
lib,struct,(anonymous),16,8,2,lib/rdb_abi.h,149
lib,struct,RdbColumnDesc,16,8,2,lib/rdb_abi.h,158
lib,enum,RdbPlaceholderStyle,4,4,3,lib/rdb_abi.h,167
lib,struct,RdbDialect,16,8,3,lib/rdb_abi.h,173
lib,enum,RdbPeerKind,4,4,5,lib/rdb_abi.h,188
lib,struct,RdbTarget,1288,4,4,lib/rdb_abi.h,197
lib,struct,RdbConnInfo,1376,8,5,lib/rdb_abi.h,205
lib,struct,RdbOpenOptions,16,8,3,lib/rdb_abi.h,213
lib,enum,RdbTlsMode,4,4,5,lib/rdb_abi.h,224
lib,enum,RdbWireProtocol,4,4,2,lib/rdb_abi.h,232
lib,struct,RdbTunnelSpec,40,8,6,lib/rdb_abi.h,237
lib,struct,ArrowSchema,72,8,9,lib/rdb_abi.h,257
lib,struct,ArrowArray,80,8,10,lib/rdb_abi.h,273
lib,struct,RdbHostAPI,56,8,8,lib/rdb_abi.h,300
lib,struct,RdbDriver,176,8,23,lib/rdb_abi.h,325
lib,enum,ShredKind,4,4,5,lib/rdb_batch.c,21
lib,struct,ShredColumn,16,8,3,lib/rdb_batch.c,29
lib,struct,RdbBatchShred,32,8,4,lib/rdb_batch.c,35
lib,struct,ShredBuilder,48,8,6,lib/rdb_batch.c,229
lib,struct,SqliteMeta,16,8,2,lib/rdb_sqlite.c,84
lib,struct,RdbTunnel,3952,8,13,lib/rdb_tunnel.c,65
lib,struct,RdbTunnelSession,3336,8,11,lib/rdb_tunnel.c,81
lib,struct,MysqlPacket,24,8,3,lib/rdb_tunnel.c,345
lib,struct,PgAuthFilter,32,8,4,lib/rdb_tunnel.c,470
lib,struct,RecursionGuard,16,8,2,lib/recursion_guard.hpp,14
lib,struct,RefCount,4,4,1,lib/ref_count.h,14
lib,enum,RefCountRelease,4,4,3,lib/ref_count.h,38
lib,struct,ScratchHeader,16,8,3,lib/scratch_arena.h,36
lib,struct,ScratchArena,64,8,7,lib/scratch_arena.h,45
lib,struct,ScratchMark,40,8,4,lib/scratch_arena.h,56
lib,struct,ScratchScope,48,8,2,lib/scratch_arena.h,140
lib,struct,ShellCapture,48,8,3,lib/shell.c,60
lib,struct,ShellProcess,32,8,8,lib/shell.c,978
lib,struct,ShellResult,48,8,7,lib/shell.h,19
lib,struct,ShellEnvEntry,16,8,2,lib/shell.h,37
lib,struct,ShellOptions,64,8,9,lib/shell.h,43
lib,struct,StrNeedle,48,8,11,lib/str.h,129
lib,struct,StrTeddy,1752,8,10,lib/str.h,171
lib,struct,StrByteSet,32,8,1,lib/str.h,227
lib,struct,StrSplitIter,48,8,6,lib/str.h,372
lib,enum,StrEscapeMode,4,4,5,lib/str.h,481
lib,struct,StrCursor,16,8,2,lib/str.h,656
lib,struct,StrBuf,24,8,3,lib/strbuf.h,18
lib,struct,StringMemAllocator,4,4,1,lib/string.c,36
lib,struct,String,8,4,3,lib/string.h,22
lib,union,(anonymous),1,1,2,lib/string.h,24
lib,struct,(anonymous),1,1,3,lib/string.h,26
lib,struct,StringBuf,32,8,4,lib/stringbuf.h,18
lib,struct,StrView,16,8,2,lib/strview.h,11
lib,struct,StrViewSplitIter,24,8,3,lib/strview.h,45
lib,struct,ViewTagToType,1,1,0,lib/tagged.hpp,20
lib,struct,ViewTagToType,1,1,0,lib/tagged.hpp,21
lib,struct,ViewTagToType,1,1,0,lib/tagged.hpp,22
lib,struct,ViewTagToType,1,1,0,lib/tagged.hpp,23
lib,struct,ViewTagToType,1,1,0,lib/tagged.hpp,24
lib,struct,ViewTagToType,1,1,0,lib/tagged.hpp,25
lib,struct,ViewTagToType,1,1,0,lib/tagged.hpp,26
lib,struct,ViewTagToType,1,1,0,lib/tagged.hpp,27
lib,struct,ViewTagToType,1,1,0,lib/tagged.hpp,28
lib,struct,ViewTagToType,1,1,0,lib/tagged.hpp,29
lib,struct,ViewTagToType,1,1,0,lib/tagged.hpp,30
lib,struct,ViewTagToType,1,1,0,lib/tagged.hpp,31
lib,struct,ViewTagToType,1,1,0,lib/tagged.hpp,32
lib,enum,(anonymous),,,1,lib/tagged.hpp,80
lib,enum,(anonymous),4,4,1,lib/tagged.hpp,81
lib,struct,IsBlockView,1,1,0,lib/tagged.hpp,81
lib,enum,(anonymous),4,4,1,lib/tagged.hpp,82
lib,struct,IsBlockView,1,1,0,lib/tagged.hpp,82
lib,enum,(anonymous),4,4,1,lib/tagged.hpp,83
lib,struct,IsBlockView,1,1,0,lib/tagged.hpp,83
lib,enum,(anonymous),4,4,1,lib/tagged.hpp,84
lib,struct,IsBlockView,1,1,0,lib/tagged.hpp,84
lib,enum,(anonymous),4,4,1,lib/tagged.hpp,85
lib,struct,IsBlockView,1,1,0,lib/tagged.hpp,85
lib,enum,(anonymous),4,4,1,lib/tagged.hpp,86
lib,struct,IsBlockView,1,1,0,lib/tagged.hpp,86
lib,enum,(anonymous),4,4,1,lib/tagged.hpp,87
lib,struct,IsBlockView,1,1,0,lib/tagged.hpp,87
lib,enum,(anonymous),4,4,1,lib/tagged.hpp,88
lib,struct,IsBlockView,1,1,0,lib/tagged.hpp,88
lib,enum,(anonymous),4,4,1,lib/tagged.hpp,89
lib,struct,IsBlockView,1,1,0,lib/tagged.hpp,89
lib,struct,DomNodeTagToType,1,1,0,lib/tagged.hpp,244
lib,struct,DomNodeTagToType,1,1,0,lib/tagged.hpp,245
lib,struct,DomNodeTagToType,1,1,0,lib/tagged.hpp,246
lib,struct,DomNodeTagToType,1,1,0,lib/tagged.hpp,247
lib,struct,TerminalDevice,160,8,10,lib/terminal_device.c,26
lib,struct,NativePathProbe,16,8,2,lib/test_font_path_gtest.cpp,5
lib,class,FontPathTest_NativeUnicodeMappingDoesNotRequireParsedTables_Test,16,8,0,lib/test_font_path_gtest.cpp,12
lib,struct,TpJob,24,8,3,lib/thread_pool.c,23
lib,struct,ThreadPool,272,8,10,lib/thread_pool.c,30
lib,enum,TpPriority,4,4,3,lib/thread_pool.h,29
lib,enum,TrustVerdict,4,4,3,lib/trust_store.c,40
lib,enum,UrlScheme,4,4,13,lib/url.h,14
lib,struct,Url,96,8,14,lib/url.h,31
lib,struct,UrlParser,288,8,5,lib/url.h,49
lib,enum,UrlError,4,4,8,lib/url.h,58
lib,struct,UtfCodepointRange,8,4,2,lib/utf.c,366
lib,struct,Utf16Iterator,32,8,4,lib/utf.h,89
lmd-rt,enum,JubeAsyncResourceKind,4,4,1,lambda/jube/jube.h,80
lmd-rt,enum,JubeCompilerValueKind,4,4,3,lambda/jube/jube.h,87
lmd-rt,enum,JubeScriptClass,4,4,4,lambda/jube/jube.h,95
lmd-rt,enum,JubeCompilerInstructionOpcode,4,4,12,lambda/jube/jube.h,105
lmd-rt,enum,JubeCompilerI64Operation,4,4,17,lambda/jube/jube.h,120
lmd-rt,enum,JubeCompilerF64Operation,4,4,11,lambda/jube/jube.h,140
lmd-rt,enum,JubeCompilerCallOperandKind,4,4,3,lambda/jube/jube.h,157
lmd-rt,struct,JubeCompilerInstruction,56,8,9,lambda/jube/jube.h,163
lmd-rt,struct,JubeCompilerCallOperand,24,8,6,lambda/jube/jube.h,175
lmd-rt,enum,JubeHostCapability,4,4,9,lambda/jube/jube.h,191
lmd-rt,enum,JubeHostedLanguageCapability,8,8,7,lambda/jube/jube.h,207
lmd-rt,enum,JubeHostedDiagnosticSeverity,4,4,3,lambda/jube/jube.h,217
lmd-rt,struct,JubeHostedSource,40,8,5,lambda/jube/jube.h,226
lmd-rt,struct,JubeHostedDiagnostic,40,8,6,lambda/jube/jube.h,236
lmd-rt,struct,JubeRuntimeImport,16,8,2,lambda/jube/jube.h,249
lmd-rt,struct,JubeRuntimeImportMetadata,28,4,7,lambda/jube/jube.h,257
lmd-rt,struct,JubeRuntimeCatalogAPI,24,8,4,lambda/jube/jube.h,267
lmd-rt,enum,JubeFuncFlags,4,4,3,lambda/jube/jube.h,278
lmd-rt,enum,JubeValueKind,4,4,11,lambda/jube/jube.h,286
lmd-rt,enum,JubeTypeFlags,4,4,7,lambda/jube/jube.h,300
lmd-rt,enum,JubeDomElementOperation,4,4,95,lambda/jube/jube.h,313
lmd-rt,enum,JubeCarrierKind,4,4,3,lambda/jube/jube.h,318
lmd-rt,struct,JubeTypeDef,40,8,5,lambda/jube/jube.h,333
lmd-rt,struct,JubeFuncDef,48,8,6,lambda/jube/jube.h,341
lmd-rt,struct,JubeNamespaceDef,40,8,5,lambda/jube/jube.h,350
lmd-rt,struct,JubeGlobalDef,24,8,3,lambda/jube/jube.h,360
lmd-rt,struct,JubeModuleRequirements,48,8,10,lambda/jube/jube.h,372
lmd-rt,enum,JubeMemberFlags,4,4,5,lambda/jube/jube.h,398
lmd-rt,struct,JubeMemberBind,56,8,9,lambda/jube/jube.h,410
lmd-rt,struct,JubeTypeBinding,128,8,16,lambda/jube/jube.h,429
lmd-rt,struct,JubeRootFrame,64,8,1,lambda/jube/jube.h,468
lmd-rt,struct,JubeHostGcAPI,56,8,7,lambda/jube/jube.h,472
lmd-rt,struct,JubeHostRootAPI,48,8,7,lambda/jube/jube.h,487
lmd-rt,struct,JubePersistentValueSlots,32,8,5,lambda/jube/jube.h,503
lmd-rt,struct,JubeHostDataAPI,104,8,14,lambda/jube/jube.h,587
lmd-rt,enum,JubeTemplateValueKind,4,4,7,lambda/jube/jube.h,616
lmd-rt,struct,JubeTemplateField,16,8,2,lambda/jube/jube.h,627
lmd-rt,struct,JubeTemplateValue,72,8,9,lambda/jube/jube.h,632
lmd-rt,struct,JubeTemplateTarget,24,8,3,lambda/jube/jube.h,644
lmd-rt,struct,JubeHostTemplateAPI,88,8,12,lambda/jube/jube.h,657
lmd-rt,struct,JubeHostValueAPI,168,8,21,lambda/jube/jube.h,683
lmd-rt,union,JubeNativeTarget,8,8,9,lambda/jube/jube.h,727
lmd-rt,struct,JubeNativeFunctionSpec,16,8,5,lambda/jube/jube.h,739
lmd-rt,struct,JubeHostScriptAPI,304,8,38,lambda/jube/jube.h,747
lmd-rt,enum,JubeDomTokenListOperation,4,4,9,lambda/jube/jube.h,821
lmd-rt,enum,JubeDomRowIndex,4,4,330,lambda/jube/jube.h,837
lmd-rt,struct,JubeHostDomCatalogAPI,3136,8,392,lambda/jube/jube.h,848
lmd-rt,struct,JubeHostRealmAPI,208,8,26,lambda/jube/jube.h,865
lmd-rt,struct,JubeSourceAPI,32,8,5,lambda/jube/jube.h,897
lmd-rt,struct,JubeDiagnosticAPI,16,8,3,lambda/jube/jube.h,906
lmd-rt,struct,JubeOutputAPI,16,8,3,lambda/jube/jube.h,913
lmd-rt,struct,JubeSessionMemoryAPI,24,8,4,lambda/jube/jube.h,919
lmd-rt,struct,JubeGuestExecutionAPI,448,8,57,lambda/jube/jube.h,926
lmd-rt,struct,JubeModuleGraphAPI,48,8,7,lambda/jube/jube.h,1133
lmd-rt,struct,JubeModuleNamespaceOps,32,8,4,lambda/jube/jube.h,1159
lmd-rt,struct,JubeHostLangAPI,80,8,11,lambda/jube/jube.h,1169
lmd-rt,struct,JubeHostRuntimeAPI,80,8,11,lambda/jube/jube.h,1185
lmd-rt,struct,JubeHostNodeErrorAPI,56,8,8,lambda/jube/jube.h,1201
lmd-rt,struct,JubeHostAsyncAPI,144,8,19,lambda/jube/jube.h,1224
lmd-rt,struct,JubeHostBinaryAPI,80,8,11,lambda/jube/jube.h,1269
lmd-rt,enum,JubeBinaryViewStatus,4,4,4,lambda/jube/jube.h,1294
lmd-rt,struct,JubeBinaryView,16,8,3,lambda/jube/jube.h,1301
lmd-rt,struct,JubeHostNodeEventsAPI,64,8,9,lambda/jube/jube.h,1310
lmd-rt,struct,JubeHostNodePermissionAPI,64,8,9,lambda/jube/jube.h,1328
lmd-rt,struct,JubeHostWorkerAPI,56,8,8,lambda/jube/jube.h,1347
lmd-rt,struct,JubeHostStreamAPI,128,8,17,lambda/jube/jube.h,1361
lmd-rt,struct,JubeHostNetworkAPI,72,8,10,lambda/jube/jube.h,1392
lmd-rt,enum,JubeNodeZlibCodecMode,4,4,7,lambda/jube/jube.h,1412
lmd-rt,struct,JubeNodeZlibResult,16,8,3,lambda/jube/jube.h,1422
lmd-rt,struct,JubeHostNodeZlibAPI,56,8,8,lambda/jube/jube.h,1428
lmd-rt,enum,JubeNodeFilesystemMode,4,4,3,lambda/jube/jube.h,1446
lmd-rt,struct,JubeNodeFilesystemReadWrite,64,8,8,lambda/jube/jube.h,1452
lmd-rt,struct,JubeNodeFilesystemCopy,32,8,4,lambda/jube/jube.h,1463
lmd-rt,enum,JubeNodeFilesystemPathMode,4,4,13,lambda/jube/jube.h,1470
lmd-rt,struct,JubeNodeFilesystemPathOperation,56,8,8,lambda/jube/jube.h,1488
lmd-rt,enum,JubeNodeFilesystemStringMode,4,4,3,lambda/jube/jube.h,1499
lmd-rt,struct,JubeNodeFilesystemStringOperation,48,8,6,lambda/jube/jube.h,1505
lmd-rt,struct,JubeNodeFilesystemDirectoryOperation,40,8,5,lambda/jube/jube.h,1514
lmd-rt,enum,JubeNodeFilesystemDescriptorMode,4,4,6,lambda/jube/jube.h,1522
lmd-rt,struct,JubeNodeFilesystemDescriptorOperation,80,8,12,lambda/jube/jube.h,1531
lmd-rt,struct,JubeNodeFilesystemMetadata,112,8,14,lambda/jube/jube.h,1546
lmd-rt,enum,JubeNodeFilesystemMetadataMode,4,4,3,lambda/jube/jube.h,1563
lmd-rt,struct,JubeNodeFilesystemMetadataOperation,152,8,6,lambda/jube/jube.h,1569
lmd-rt,struct,JubeNodeFilesystemStatfsOperation,88,8,11,lambda/jube/jube.h,1578
lmd-rt,struct,JubeHostFilesystemAPI,96,8,13,lambda/jube/jube.h,1592
lmd-rt,struct,JubeHostNodeAPI,112,8,15,lambda/jube/jube.h,1609
lmd-rt,struct,JubeHostAPI,104,8,14,lambda/jube/jube.h,1632
lmd-rt,struct,JubeLanguageSessionConfig,4,4,1,lambda/jube/jube.h,1657
lmd-rt,struct,JubeLanguageRunRequest,64,8,8,lambda/jube/jube.h,1661
lmd-rt,struct,JubeLanguageModuleRequest,32,8,4,lambda/jube/jube.h,1675
lmd-rt,struct,JubeLanguageDef,104,8,14,lambda/jube/jube.h,1682
lmd-rt,struct,JubeModuleDef,224,8,29,lambda/jube/jube.h,1781
lmd-rt,enum,JubeMemberKind,4,4,3,lambda/jube/jube_interface.cpp,41
lmd-rt,struct,JubeMemberRecord,112,8,18,lambda/jube/jube_interface.cpp,48
lmd-rt,struct,JubeTypeRecord,88,8,13,lambda/jube/jube_interface.cpp,69
lmd-rt,struct,JubeTypeIndexEntry,16,8,2,lambda/jube/jube_interface.cpp,85
lmd-rt,struct,JubeMemberIndexEntry,24,8,3,lambda/jube/jube_interface.cpp,95
lmd-rt,struct,JubeParsedMember,56,8,9,lambda/jube/jube_interface.cpp,1304
lmd-rt,struct,JubeParsedType,32,8,4,lambda/jube/jube_interface.cpp,1316
lmd-rt,enum,JubeDirectValueKind,4,4,3,lambda/jube/jube_interface.cpp,1792
lmd-rt,struct,JubeDirectValue,24,8,4,lambda/jube/jube_interface.cpp,1798
lmd-rt,struct,JubeDirectSink,96,8,10,lambda/jube/jube_interface.cpp,1805
lmd-rt,enum,JubeMemberKindValue,4,4,3,lambda/jube/jube_interface.h,48
lmd-rt,enum,JsPermissionFsKind,4,4,2,lambda/jube/jube_node_permission.cpp,22
lmd-rt,struct,NodeZlibStreamState,128,8,6,lambda/jube/jube_node_zlib_codec.cpp,171
lmd-rt,struct,NodeZlibBytes,16,8,3,lambda/jube/jube_node_zlib_codec.hpp,6
lmd-rt,enum,NodeZlibCodecMode,4,4,7,lambda/jube/jube_node_zlib_codec.hpp,12
lmd-rt,struct,JubeStaticModuleEntry,40,8,5,lambda/jube/jube_registry.cpp,77
lmd-rt,enum,JubeModuleActivationState,4,4,4,lambda/jube/jube_registry.cpp,86
lmd-rt,enum,JubeSpecifierOwnerState,4,4,5,lambda/jube/jube_registry.cpp,104
lmd-rt,struct,JubeSpecifierEntry,1424,8,6,lambda/jube/jube_registry.cpp,112
lmd-rt,struct,JubeMirCursorSlot,40,8,5,lambda/jube/jube_registry.cpp,135
lmd-rt,struct,JubeMirModuleSlot,24,8,3,lambda/jube/jube_registry.cpp,143
lmd-rt,struct,JubeMirFunctionHandle,16,8,2,lambda/jube/jube_registry.cpp,149
lmd-rt,struct,JubeMirLabelHandle,8,8,1,lambda/jube/jube_registry.cpp,154
lmd-rt,struct,JubeMirPrototypeHandle,8,8,1,lambda/jube/jube_registry.cpp,158
lmd-rt,struct,JubeMirFunctionStateToken,152,8,3,lambda/jube/jube_registry.cpp,162
lmd-rt,struct,JubeMirStateTokenEntry,24,8,3,lambda/jube/jube_registry.cpp,168
lmd-rt,struct,NodeRuntimeSession,128,8,9,lambda/jube/jube_registry.cpp,179
lmd-rt,struct,JubeNodeAsyncWork,176,8,8,lambda/jube/jube_registry.cpp,303
lmd-rt,struct,JubeGuestExecution,248,8,13,lambda/jube/jube_registry.cpp,1707
lmd-rt,struct,JubeTemplateEmitBridge,24,8,3,lambda/jube/jube_registry.cpp,4146
lmd-rt,class,JubeTemplateActivationBarrier,1,1,0,lambda/jube/jube_registry.cpp,4152
lmd-rt,struct,JubeRdbProvider,1216,1,3,lambda/jube/jube_registry.cpp,5714
lmd-rt,enum,JubeSpecifierResolveStatus,4,4,4,lambda/jube/jube_registry.h,23
lmd-rt,enum,JubeNodeModuleStateSlot,4,4,17,lambda/jube/jube_registry.h,114
lmd-rt,enum,(anonymous),4,4,3,lambda/runtime/activation.cpp,36
lmd-rt,struct,ActivationStacks,112,8,4,lambda/runtime/activation.cpp,42
lmd-rt,struct,ActivationAmbient,272,16,17,lambda/runtime/activation.cpp,51
lmd-rt,struct,Activation,608,16,27,lambda/runtime/activation.cpp,71
lmd-rt,struct,ActivationThread,336,16,8,lambda/runtime/activation.cpp,113
lmd-rt,struct,ActivationExtent,32,8,4,lambda/runtime/activation.cpp,363
lmd-rt,struct,ActivationBaseCall,32,8,4,lambda/runtime/activation.cpp,622
lmd-rt,enum,ActivationStatus,4,4,4,lambda/runtime/activation.h,27
lmd-rt,struct,ActivationAmbientHook,32,8,4,lambda/runtime/activation.h,92
lmd-rt,struct,AstIndexWalk,32,8,4,lambda/runtime/ast-core.cpp,762
lmd-rt,struct,AstBindingChildVisit,24,8,3,lambda/runtime/ast-core.cpp,1063
lmd-rt,struct,AstBindingChildSearch,24,8,3,lambda/runtime/ast-core.cpp,1083
lmd-rt,enum,AstNodeType,2,2,111,lambda/runtime/ast-core.hpp,32
lmd-rt,enum,LoopForm,4,4,3,lambda/runtime/ast-core.hpp,172
lmd-rt,enum,Operator,4,4,87,lambda/runtime/ast-core.hpp,178
lmd-rt,enum,AstLiteralType,4,4,7,lambda/runtime/ast-core.hpp,290
lmd-rt,enum,ScopeKind,4,4,4,lambda/runtime/ast-core.hpp,301
lmd-rt,struct,NameEntry,192,8,52,lambda/runtime/ast-core.hpp,321
lmd-rt,struct,FnFramePlan,24,8,7,lambda/runtime/ast-core.hpp,472
lmd-rt,struct,NameScope,80,8,20,lambda/runtime/ast-core.hpp,485
lmd-rt,enum,AstConstKind,2,2,3,lambda/runtime/ast-core.hpp,528
lmd-rt,struct,AstNode,40,8,10,lambda/runtime/ast-core.hpp,537
lmd-rt,struct,AstFunctionIndexEntry,24,8,4,lambda/runtime/ast-core.hpp,576
lmd-rt,enum,AstFunctionReferenceFlags,1,1,3,lambda/runtime/ast-core.hpp,588
lmd-rt,struct,AstFunctionReference,12,4,3,lambda/runtime/ast-core.hpp,594
lmd-rt,enum,AstIndexProfileSupport,4,4,3,lambda/runtime/ast-core.hpp,602
lmd-rt,struct,AstIndex,264,8,39,lambda/runtime/ast-core.hpp,612
lmd-rt,struct,AstIndexPassContext,24,8,3,lambda/runtime/ast-core.hpp,676
lmd-rt,enum,AstPlaceHandleRole,1,1,4,lambda/runtime/ast-core.hpp,766
lmd-rt,struct,AstFieldNode,72,8,9,lambda/runtime/ast-core.hpp,773
lmd-rt,union,(anonymous),8,8,2,lambda/runtime/ast-core.hpp,775
lmd-rt,struct,AstCallNode,104,8,16,lambda/runtime/ast-core.hpp,790
lmd-rt,union,(anonymous),8,8,2,lambda/runtime/ast-core.hpp,791
lmd-rt,struct,AstHandlerNode,72,8,4,lambda/runtime/ast-core.hpp,854
lmd-rt,enum,StartMode,4,4,3,lambda/runtime/ast-core.hpp,861
lmd-rt,struct,AstStartNode,64,8,4,lambda/runtime/ast-core.hpp,867
lmd-rt,enum,AstPrimaryLiteralValueKind,1,1,4,lambda/runtime/ast-core.hpp,874
lmd-rt,struct,AstPrimaryNode,64,8,3,lambda/runtime/ast-core.hpp,883
lmd-rt,struct,AstLiteralNode,88,8,6,lambda/runtime/ast-core.hpp,900
lmd-rt,union,(anonymous),8,8,3,lambda/runtime/ast-core.hpp,907
lmd-rt,struct,AstUnaryNode,72,8,4,lambda/runtime/ast-core.hpp,917
lmd-rt,struct,AstBinaryNode,80,8,5,lambda/runtime/ast-core.hpp,924
lmd-rt,struct,AstNamedNode,88,8,6,lambda/runtime/ast-core.hpp,934
lmd-rt,struct,AstIdentNode,72,8,6,lambda/runtime/ast-core.hpp,946
lmd-rt,struct,AstVarDeclNode,56,8,4,lambda/runtime/ast-core.hpp,969
lmd-rt,union,(anonymous),8,8,2,lambda/runtime/ast-core.hpp,970
lmd-rt,struct,AstIfNode,64,8,3,lambda/runtime/ast-core.hpp,981
lmd-rt,union,(anonymous),8,8,2,lambda/runtime/ast-core.hpp,982
lmd-rt,struct,AstMatchArm,64,8,3,lambda/runtime/ast-core.hpp,996
lmd-rt,union,(anonymous),8,8,2,lambda/runtime/ast-core.hpp,997
lmd-rt,struct,AstMatchNode,64,8,3,lambda/runtime/ast-core.hpp,1012
lmd-rt,union,(anonymous),8,8,2,lambda/runtime/ast-core.hpp,1013
lmd-rt,struct,AstLoopControlNode,96,8,7,lambda/runtime/ast-core.hpp,1024
lmd-rt,union,(anonymous),8,8,2,lambda/runtime/ast-core.hpp,1027
lmd-rt,struct,AstBreakContinueNode,56,8,2,lambda/runtime/ast-core.hpp,1043
lmd-rt,struct,AstReturnNode,48,8,1,lambda/runtime/ast-core.hpp,1048
lmd-rt,union,(anonymous),8,8,2,lambda/runtime/ast-core.hpp,1049
lmd-rt,struct,AstRaiseNode,56,8,3,lambda/runtime/ast-core.hpp,1055
lmd-rt,union,(anonymous),8,8,2,lambda/runtime/ast-core.hpp,1056
lmd-rt,struct,AstArrayNode,56,8,2,lambda/runtime/ast-core.hpp,1066
lmd-rt,union,(anonymous),8,8,3,lambda/runtime/ast-core.hpp,1067
lmd-rt,struct,AstMapNode,72,8,4,lambda/runtime/ast-core.hpp,1075
lmd-rt,union,(anonymous),8,8,2,lambda/runtime/ast-core.hpp,1076
lmd-rt,struct,AstPropertyNode,64,8,7,lambda/runtime/ast-core.hpp,1087
lmd-rt,struct,AstAssignNode,128,8,13,lambda/runtime/ast-core.hpp,1097
lmd-rt,union,(anonymous),8,8,2,lambda/runtime/ast-core.hpp,1100
lmd-rt,struct,AstCrudNode,72,8,4,lambda/runtime/ast-core.hpp,1127
lmd-rt,struct,AstOpenNode,72,8,4,lambda/runtime/ast-core.hpp,1141
lmd-rt,struct,AstDecomposeNode,80,8,5,lambda/runtime/ast-core.hpp,1155
lmd-rt,enum,(anonymous),4,4,1,lambda/runtime/ast-core.hpp,1234
lmd-rt,struct,AstCowPath,304,8,4,lambda/runtime/ast-core.hpp,1235
lmd-rt,struct,AstBlockNode,56,8,2,lambda/runtime/ast-core.hpp,1358
lmd-rt,struct,AstExprStmtNode,48,8,1,lambda/runtime/ast-core.hpp,1363
lmd-rt,struct,AstDeclaratorNode,96,8,7,lambda/runtime/ast-core.hpp,1367
lmd-rt,struct,AstSpreadNode,48,8,1,lambda/runtime/ast-core.hpp,1378
lmd-rt,struct,AstForOfNode,80,8,7,lambda/runtime/ast-core.hpp,1408
lmd-rt,struct,AstTryNode,64,8,3,lambda/runtime/ast-core.hpp,1418
lmd-rt,struct,AstCatchNode,56,8,2,lambda/runtime/ast-core.hpp,1424
lmd-rt,struct,AstFuncNode,120,8,15,lambda/runtime/ast-core.hpp,1434
lmd-rt,union,(anonymous),8,8,2,lambda/runtime/ast-core.hpp,1438
lmd-rt,struct,AstMethodNode,136,8,4,lambda/runtime/ast-core.hpp,1462
lmd-rt,enum,(anonymous),4,4,4,lambda/runtime/ast-core.hpp,1464
lmd-rt,struct,FnCapture,64,8,14,lambda/runtime/ast-core.hpp,1474
lmd-rt,enum,AnyReason,4,4,29,lambda/runtime/ast-core.hpp,1495
lmd-rt,struct,FnParamEvidence,40,8,14,lambda/runtime/ast-core.hpp,1535
lmd-rt,struct,AstScript,64,8,3,lambda/runtime/ast-core.hpp,1562
lmd-rt,union,(anonymous),8,8,2,lambda/runtime/ast-core.hpp,1563
lmd-rt,struct,AstClassNode,88,8,6,lambda/runtime/ast-core.hpp,1571
lmd-rt,struct,AstClassFieldNode,64,8,5,lambda/runtime/ast-core.hpp,1584
lmd-rt,struct,AstObjectTypeNode,136,8,7,lambda/runtime/ast-core.hpp,1594
lmd-rt,struct,AstObjectLiteralNode,96,8,3,lambda/runtime/ast-core.hpp,1605
lmd-rt,struct,AstYieldNode,56,8,2,lambda/runtime/ast-core.hpp,1625
lmd-rt,struct,AstAwaitNode,48,8,1,lambda/runtime/ast-core.hpp,1630
lmd-rt,struct,AstImportNode,128,8,11,lambda/runtime/ast-core.hpp,1634
lmd-rt,struct,AstImportSpecifierNode,64,8,3,lambda/runtime/ast-core.hpp,1650
lmd-rt,struct,AstExportDeclNode,72,8,6,lambda/runtime/ast-core.hpp,1656
lmd-rt,struct,AstExportSpecifierNode,64,8,3,lambda/runtime/ast-core.hpp,1665
lmd-rt,struct,FnEffectSummary,6,1,6,lambda/runtime/ast-core.hpp,1671
lmd-rt,struct,FnEntryAnalysis,8,4,5,lambda/runtime/ast-core.hpp,1679
lmd-rt,struct,FnReturnLaneAnalysis,12,4,3,lambda/runtime/ast-core.hpp,1686
lmd-rt,struct,FnReturnAnalysis,36,4,5,lambda/runtime/ast-core.hpp,1691
lmd-rt,struct,FnParamTypeInfo,8,4,3,lambda/runtime/ast-core.hpp,1702
lmd-rt,enum,(anonymous),4,4,2,lambda/runtime/ast-core.hpp,1707
lmd-rt,struct,FnParamAnalysis,12,4,3,lambda/runtime/ast-core.hpp,1711
lmd-rt,struct,FnBindingAnalysis,32,8,6,lambda/runtime/ast-core.hpp,1716
lmd-rt,struct,FnValueAnalysis,32,8,6,lambda/runtime/ast-core.hpp,1724
lmd-rt,struct,FnVariantAnalysis,104,8,9,lambda/runtime/ast-core.hpp,1732
lmd-rt,enum,FnPromotionState,4,4,5,lambda/runtime/ast-core.hpp,1747
lmd-rt,enum,(anonymous),4,4,1,lambda/runtime/ast-core.hpp,1759
lmd-rt,enum,FnLoopHandoffState,1,1,4,lambda/runtime/ast-core.hpp,1761
lmd-rt,struct,FnPromotionCell,96,8,12,lambda/runtime/ast-core.hpp,1768
lmd-rt,enum,NativeReturnKind,1,1,4,lambda/runtime/ast-core.hpp,1789
lmd-rt,struct,FnAnalysis,704,8,53,lambda/runtime/ast-core.hpp,1796
lmd-rt,union,FnExt,8,8,3,lambda/runtime/ast-core.hpp,1899
lmd-rt,struct,ClauseNodeBase,48,8,1,lambda/runtime/ast-core.hpp,1905
lmd-rt,struct,LangProfile,24,8,3,lambda/runtime/ast-core.hpp,1912
lmd-rt,struct,JubeModuleImport,24,8,3,lambda/runtime/ast.hpp,23
lmd-rt,struct,AstQueryNode,64,8,3,lambda/runtime/ast.hpp,30
lmd-rt,struct,AstPathSegment,24,8,3,lambda/runtime/ast.hpp,37
lmd-rt,struct,AstPathNode,72,8,4,lambda/runtime/ast.hpp,43
lmd-rt,struct,AstPathIndexNode,72,8,4,lambda/runtime/ast.hpp,55
lmd-rt,struct,AstNavigationNode,56,8,2,lambda/runtime/ast.hpp,62
lmd-rt,struct,AstSysFuncNode,56,8,3,lambda/runtime/ast.hpp,69
lmd-rt,struct,AstConstrainedTypeNode,56,8,2,lambda/runtime/ast.hpp,79
lmd-rt,enum,LoopKeyFilter,4,4,3,lambda/runtime/ast.hpp,507
lmd-rt,struct,AstJoinKey,56,8,2,lambda/runtime/ast.hpp,514
lmd-rt,struct,AstLoopNode,112,8,12,lambda/runtime/ast.hpp,519
lmd-rt,struct,AstOrderSpec,56,8,2,lambda/runtime/ast.hpp,541
lmd-rt,struct,AstGroupKey,56,8,2,lambda/runtime/ast.hpp,546
lmd-rt,struct,AstGroupClause,72,8,4,lambda/runtime/ast.hpp,552
lmd-rt,struct,AstForNode,128,8,11,lambda/runtime/ast.hpp,559
lmd-rt,struct,AstListNode,96,8,8,lambda/runtime/ast.hpp,785
lmd-rt,struct,AstElementNode,80,8,1,lambda/runtime/ast.hpp,799
lmd-rt,struct,AstPatternDefNode,96,8,1,lambda/runtime/ast.hpp,807
lmd-rt,struct,AstPatternIslandNode,56,8,3,lambda/runtime/ast.hpp,812
lmd-rt,struct,AstPatternRangeNode,56,8,2,lambda/runtime/ast.hpp,819
lmd-rt,struct,AstPatternCharClassNode,48,8,1,lambda/runtime/ast.hpp,825
lmd-rt,struct,AstPatternSeqNode,48,8,1,lambda/runtime/ast.hpp,830
lmd-rt,struct,AstViewNode,136,8,10,lambda/runtime/ast.hpp,836
lmd-rt,struct,AstStateEntry,72,8,4,lambda/runtime/ast.hpp,850
lmd-rt,struct,AstEventHandler,112,8,7,lambda/runtime/ast.hpp,858
lmd-rt,enum,AstBranchKind,4,4,3,lambda/runtime/ast.hpp,1062
lmd-rt,struct,Script,736,8,50,lambda/runtime/ast.hpp,1115
lmd-rt,struct,NamespaceEntry,24,8,3,lambda/runtime/ast.hpp,1211
lmd-rt,struct,Transpiler,1512,8,28,lambda/runtime/ast.hpp,1217
lmd-rt,enum,LambdaSyntaxForm,1,1,95,lambda/runtime/ast_build.hpp,24
lmd-rt,enum,LambdaAstLiteralKind,4,4,11,lambda/runtime/ast_build.hpp,156
lmd-rt,enum,(anonymous),4,4,1,lambda/runtime/async.cpp,7
lmd-rt,enum,RuntimeJobItemSlot,4,4,7,lambda/runtime/async.cpp,9
lmd-rt,enum,(anonymous),4,4,2,lambda/runtime/async.cpp,204
lmd-rt,enum,RuntimeJobKind,4,4,6,lambda/runtime/async.h,14
lmd-rt,struct,RuntimeAsyncContextSnapshot,24,8,3,lambda/runtime/async.h,26
lmd-rt,struct,RuntimeJob,56,8,5,lambda/runtime/async.h,35
lmd-rt,struct,RuntimeJobQueue,24,8,3,lambda/runtime/async.h,43
lmd-rt,struct,RuntimeCallbackSlots,72,8,1,lambda/runtime/async.h,52
lmd-rt,struct,RuntimeValueSlots,72,8,1,lambda/runtime/async.h,61
lmd-rt,enum,RuntimeResourceKind,4,4,20,lambda/runtime/async.h,68
lmd-rt,enum,RuntimeResourceGroup,4,4,4,lambda/runtime/async.h,91
lmd-rt,struct,RuntimeResourceDescriptor,16,8,3,lambda/runtime/async.h,98
lmd-rt,struct,RuntimeResourceEntry,64,8,9,lambda/runtime/async.h,106
lmd-rt,struct,RuntimeResourceSlot,16,8,2,lambda/runtime/async.h,120
lmd-rt,struct,RuntimeResourceTable,88,8,3,lambda/runtime/async.h,125
lmd-rt,struct,SysFuncEntry,24,8,4,lambda/runtime/build_ast.cpp,128
lmd-rt,struct,SysFuncNameEntry,16,8,2,lambda/runtime/build_ast.cpp,136
lmd-rt,struct,JubeSysFuncRecord,384,8,3,lambda/runtime/build_ast.cpp,150
lmd-rt,struct,AstDefectScan,24,8,3,lambda/runtime/build_ast.cpp,1844
lmd-rt,struct,PredicateCaptureScan,40,8,5,lambda/runtime/build_ast.cpp,2310
lmd-rt,enum,(anonymous),4,4,6,lambda/runtime/build_ast.cpp,2645
lmd-rt,struct,StringDedupEntry,32,8,5,lambda/runtime/build_ast.cpp,3645
lmd-rt,struct,BaseTypeName,16,8,2,lambda/runtime/build_ast.cpp,5250
lmd-rt,struct,ReturnBoundaryScan,32,8,4,lambda/runtime/build_ast.cpp,5812
lmd-rt,struct,ReturnErrorOriginScan,8,8,1,lambda/runtime/build_ast.cpp,5819
lmd-rt,struct,EnforcingCallWalk,16,8,2,lambda/runtime/build_ast.cpp,6019
lmd-rt,struct,InvalidatedBindingState,528,8,3,lambda/runtime/build_ast.cpp,6238
lmd-rt,struct,ProcReturnTypeScan,16,8,2,lambda/runtime/build_ast.cpp,6644
lmd-rt,struct,DirectBindScopeMap,16,8,2,lambda/runtime/build_ast.cpp,7031
lmd-rt,struct,DirectBindEntryMap,16,8,2,lambda/runtime/build_ast.cpp,7036
lmd-rt,struct,DirectBindContext,40,8,6,lambda/runtime/build_ast.cpp,7041
lmd-rt,struct,MayAwaitScan,16,8,2,lambda/runtime/build_ast.cpp,7598
lmd-rt,struct,ConcurrencyBodyFacts,32,8,6,lambda/runtime/build_ast.cpp,7655
lmd-rt,struct,ConcurrencyValidation,8,8,1,lambda/runtime/build_ast.cpp,7723
lmd-rt,struct,HandlerAwaitValidation,8,8,1,lambda/runtime/build_ast.cpp,7762
lmd-rt,struct,FixedArrayScan,272,8,3,lambda/runtime/build_ast.cpp,7925
lmd-rt,enum,CallColour,4,4,4,lambda/runtime/build_ast.cpp,8052
lmd-rt,struct,CallColourWalk,24,8,3,lambda/runtime/build_ast.cpp,8061
lmd-rt,struct,LambdaSyntaxUnit,24,8,3,lambda/runtime/build_ast.cpp,8297
lmd-rt,enum,LambdaSyntaxAttachKind,1,1,3,lambda/runtime/build_ast.cpp,8307
lmd-rt,struct,LambdaSyntaxAttachment,40,8,7,lambda/runtime/build_ast.cpp,8313
lmd-rt,enum,(anonymous),4,4,1,lambda/runtime/build_ast.cpp,8325
lmd-rt,struct,LambdaSyntaxPart,16,8,2,lambda/runtime/build_ast.cpp,8329
lmd-rt,struct,LambdaSyntaxParts,16,8,3,lambda/runtime/build_ast.cpp,8334
lmd-rt,enum,LambdaForPart,1,1,8,lambda/runtime/build_ast.cpp,8340
lmd-rt,enum,LambdaObjectPart,1,1,4,lambda/runtime/build_ast.cpp,8345
lmd-rt,struct,LambdaSyntaxSink,2744,8,22,lambda/runtime/build_ast.cpp,8352
lmd-rt,struct,LambdaResolver,4448,8,33,lambda/runtime/build_ast.cpp,8386
lmd-rt,struct,DirectBinderForwardRef,16,8,3,lambda/runtime/build_ast.cpp,8605
lmd-rt,enum,(anonymous),4,4,1,lambda/runtime/build_ast.cpp,9492
lmd-rt,enum,(anonymous),4,4,2,lambda/runtime/build_ast.cpp,10092
lmd-rt,struct,CowParamEffectScan,32,8,6,lambda/runtime/build_ast.cpp,10292
lmd-rt,struct,ResultAliasScan,32,8,6,lambda/runtime/build_ast.cpp,10461
lmd-rt,enum,(anonymous),4,4,3,lambda/runtime/build_ast.cpp,10765
lmd-rt,struct,RmwBorrowCtx,240,8,11,lambda/runtime/build_ast.cpp,10767
lmd-rt,struct,RmwIdentScan,24,8,3,lambda/runtime/build_ast.cpp,10840
lmd-rt,struct,RmwExprScan,16,8,2,lambda/runtime/build_ast.cpp,10870
lmd-rt,struct,RmwMoveScan,24,8,3,lambda/runtime/build_ast.cpp,11079
lmd-rt,enum,(anonymous),4,4,3,lambda/runtime/build_ast.cpp,11178
lmd-rt,struct,RmwCont,16,8,2,lambda/runtime/build_ast.cpp,11180
lmd-rt,struct,RmwNestedScan,24,8,3,lambda/runtime/build_ast.cpp,11193
lmd-rt,struct,RmwUseScan,24,8,3,lambda/runtime/build_ast.cpp,11251
lmd-rt,enum,(anonymous),4,4,4,lambda/runtime/build_ast.cpp,11623
lmd-rt,struct,PlaceHandle,584,8,9,lambda/runtime/build_ast.cpp,11625
lmd-rt,struct,PlaceHandleState,136,8,2,lambda/runtime/build_ast.cpp,11637
lmd-rt,struct,PlaceHandleCtx,168,8,7,lambda/runtime/build_ast.cpp,11642
lmd-rt,struct,PlaceHandleUse,16,8,3,lambda/runtime/build_ast.cpp,11653
lmd-rt,struct,PlaceHandleScan,1056,8,6,lambda/runtime/build_ast.cpp,11659
lmd-rt,struct,PhCandidateScan,536,8,4,lambda/runtime/build_ast.cpp,12005
lmd-rt,struct,VarShareScan,24,8,3,lambda/runtime/build_ast.cpp,12224
lmd-rt,struct,InsertionMoveScan,24,8,3,lambda/runtime/build_ast.cpp,12607
lmd-rt,struct,DirectAppendTail,16,8,2,lambda/runtime/build_ast.cpp,13821
lmd-rt,enum,(anonymous),4,4,7,lambda/runtime/build_ast.cpp,14133
lmd-rt,enum,(anonymous),4,4,3,lambda/runtime/build_ast.cpp,14144
lmd-rt,enum,(anonymous),4,4,1,lambda/runtime/build_ast.cpp,14145
lmd-rt,enum,(anonymous),4,4,3,lambda/runtime/build_ast.cpp,14148
lmd-rt,enum,(anonymous),4,4,3,lambda/runtime/build_ast.cpp,14153
lmd-rt,enum,(anonymous),4,4,1,lambda/runtime/build_ast.cpp,14154
lmd-rt,enum,(anonymous),4,4,3,lambda/runtime/build_ast.cpp,14157
lmd-rt,enum,(anonymous),4,4,3,lambda/runtime/build_ast.cpp,14160
lmd-rt,enum,(anonymous),4,4,1,lambda/runtime/build_ast.cpp,14163
lmd-rt,enum,(anonymous),4,4,2,lambda/runtime/build_ast.cpp,14167
lmd-rt,struct,LambdaCompilerTiming,152,8,19,lambda/runtime/compiler_timing.hpp,9
lmd-rt,enum,CompilerFactBits,4,4,18,lambda/runtime/compiler_timing.hpp,32
lmd-rt,struct,CompilerPassSpec,32,8,5,lambda/runtime/compiler_timing.hpp,59
lmd-rt,struct,CompilerPassManager,544,8,6,lambda/runtime/compiler_timing.hpp,67
lmd-rt,enum,LambdaParkKind,4,4,6,lambda/runtime/concurrency.cpp,32
lmd-rt,struct,LambdaMailbox,24,8,4,lambda/runtime/concurrency.cpp,41
lmd-rt,struct,LambdaWaitLink,32,8,4,lambda/runtime/concurrency.cpp,50
lmd-rt,struct,LambdaTaskTimer,168,8,3,lambda/runtime/concurrency.cpp,57
lmd-rt,struct,LambdaFileRead,496,8,9,lambda/runtime/concurrency.cpp,63
lmd-rt,struct,LambdaTaskObserver,32,8,4,lambda/runtime/concurrency.cpp,75
lmd-rt,struct,LambdaTaskScope,32,8,5,lambda/runtime/concurrency.cpp,82
lmd-rt,struct,LambdaWaitGroup,24,8,4,lambda/runtime/concurrency.cpp,90
lmd-rt,struct,LambdaTask,384,8,29,lambda/runtime/concurrency.cpp,97
lmd-rt,struct,LambdaScheduler,232,8,15,lambda/runtime/concurrency.cpp,138
lmd-rt,struct,LambdaDrainWatchdogState,2,1,2,lambda/runtime/concurrency.cpp,800
lmd-rt,enum,LambdaTaskState,4,4,3,lambda/runtime/concurrency.h,23
lmd-rt,enum,LambdaSendStatus,4,4,4,lambda/runtime/concurrency.h,29
lmd-rt,struct,LambdaPromiseObserver,8,8,1,lambda/runtime/concurrency_js.cpp,17
lmd-rt,enum,ContextCapsuleLifetime,4,4,2,lambda/runtime/context_capsule.h,26
lmd-rt,enum,ContextCapsuleId,4,4,18,lambda/runtime/context_capsule.h,33
lmd-rt,struct,ContextCapsuleExtension,32,8,5,lambda/runtime/context_capsule.h,69
lmd-rt,struct,ContextCapsuleSlot,16,8,2,lambda/runtime/context_capsule.h,80
lmd-rt,struct,ContextCapsuleDirectory,280,8,2,lambda/runtime/context_capsule.h,85
lmd-rt,struct,ContextCapsuleOps,48,8,6,lambda/runtime/context_capsule.h,90
lmd-rt,struct,DocLocationEntry,24,8,3,lambda/runtime/doc_context.cpp,17
lmd-rt,enum,(anonymous),4,4,1,lambda/runtime/doc_context.cpp,108
lmd-rt,struct,DocRetainChunk,16,8,4,lambda/runtime/doc_context.cpp,199
lmd-rt,struct,DocNodeEntry,56,8,7,lambda/runtime/doc_context.hpp,35
lmd-rt,struct,Document,40,8,5,lambda/runtime/doc_context.hpp,48
lmd-rt,enum,DurableActivationKind,1,1,3,lambda/runtime/durable_activation.hpp,9
lmd-rt,struct,DurableActivation,32,8,6,lambda/runtime/durable_activation.hpp,15
lmd-rt,struct,EditSubscription,32,8,4,lambda/runtime/edit_bridge.cpp,30
lmd-rt,struct,EditSelectionVersion,328,8,7,lambda/runtime/edit_bridge.cpp,37
lmd-rt,struct,EditSession,352,8,10,lambda/runtime/edit_bridge.cpp,47
lmd-rt,struct,SourcePath,16,8,2,lambda/runtime/edit_bridge.h,36
lmd-rt,struct,SourcePos,24,8,2,lambda/runtime/edit_bridge.h,41
lmd-rt,enum,EditEventKind,4,4,2,lambda/runtime/edit_bridge.h,46
lmd-rt,struct,EmitDirectParseState,24,8,3,lambda/runtime/emit_ast_dump.cpp,17
lmd-rt,struct,gc_data_block,40,8,5,lambda/runtime/gc/gc_data_zone.h,42
lmd-rt,struct,gc_data_zone,56,8,7,lambda/runtime/gc/gc_data_zone.h,51
lmd-rt,struct,GcJsArraySparseHashEntry,16,8,2,lambda/runtime/gc/gc_heap.c,401
lmd-rt,struct,gc_header,16,8,5,lambda/runtime/gc/gc_heap.h,66
lmd-rt,struct,gc_scope_checkpoint,16,8,3,lambda/runtime/gc/gc_heap.h,93
lmd-rt,struct,gc_ephemeron,32,8,4,lambda/runtime/gc/gc_heap.h,123
lmd-rt,struct,gc_native_seen,16,8,3,lambda/runtime/gc/gc_heap.h,134
lmd-rt,enum,gc_external_kind,4,4,4,lambda/runtime/gc/gc_heap.h,159
lmd-rt,struct,gc_external_stats,112,8,8,lambda/runtime/gc/gc_heap.h,166
lmd-rt,struct,gc_root_range,16,8,2,lambda/runtime/gc/gc_heap.h,182
lmd-rt,struct,gc_object_root,16,8,2,lambda/runtime/gc/gc_heap.h,187
lmd-rt,struct,gc_weak_slot,24,8,3,lambda/runtime/gc/gc_heap.h,192
lmd-rt,struct,gc_large_set,24,8,3,lambda/runtime/gc/gc_heap.h,210
lmd-rt,struct,gc_tune_stats,88,8,11,lambda/runtime/gc/gc_heap.h,219
lmd-rt,struct,gc_bump_block,40,8,5,lambda/runtime/gc/gc_heap.h,246
lmd-rt,struct,gc_heap,656,8,65,lambda/runtime/gc/gc_heap.h,269
lmd-rt,struct,gc_object_slab,48,8,6,lambda/runtime/gc/gc_object_zone.h,49
lmd-rt,struct,gc_slab_range,16,8,2,lambda/runtime/gc/gc_object_zone.h,63
lmd-rt,struct,gc_object_zone,280,8,14,lambda/runtime/gc/gc_object_zone.h,72
lmd-rt,enum,GcEnvironmentLayoutKind,4,4,2,lambda/runtime/gc_environment.h,14
lmd-rt,struct,GcEnvironmentStorage,56,8,7,lambda/runtime/gc_environment.h,19
lmd-rt,enum,HeapGcExternalKind,4,4,4,lambda/runtime/heap_api.h,60
lmd-rt,struct,AstPromotionOverlayEntry,104,8,2,lambda/runtime/interp.cpp,83
lmd-rt,struct,InterpSatelliteQueue,144,8,8,lambda/runtime/interp.cpp,91
lmd-rt,struct,InterpSatelliteJob,72,8,9,lambda/runtime/interp.cpp,102
lmd-rt,class,InterpFrameGuard,248,8,3,lambda/runtime/interp.cpp,513
lmd-rt,class,InterpVargsGuard,16,8,2,lambda/runtime/interp.cpp,625
lmd-rt,class,Scratch,24,8,3,lambda/runtime/interp.cpp,647
lmd-rt,class,ScratchSpan,16,8,3,lambda/runtime/interp.cpp,684
lmd-rt,class,InterpArgumentRoots,72,8,3,lambda/runtime/interp.cpp,725
lmd-rt,struct,InterpStaticMemberNameEntry,16,8,2,lambda/runtime/interp.cpp,1356
lmd-rt,enum,InterpArrayKind,4,4,5,lambda/runtime/interp.cpp,2685
lmd-rt,class,InterpContextGuard,56,8,3,lambda/runtime/interp.cpp,3060
lmd-rt,class,InterpErrorContextGuard,24,8,2,lambda/runtime/interp.cpp,3084
lmd-rt,class,InterpLastIndexGuard,16,8,2,lambda/runtime/interp.cpp,3100
lmd-rt,struct,ForCtx,32,8,4,lambda/runtime/interp.cpp,3535
lmd-rt,struct,InterpFastIntValue,16,8,2,lambda/runtime/interp.cpp,4624
lmd-rt,struct,InterpFastIntCache,520,8,3,lambda/runtime/interp.cpp,4629
lmd-rt,struct,InterpFastIntOperand,24,8,3,lambda/runtime/interp.cpp,4956
lmd-rt,struct,InterpFastIntLinearOp,64,8,4,lambda/runtime/interp.cpp,4962
lmd-rt,class,InterpHandoffLoopScope,24,8,3,lambda/runtime/interp.cpp,5173
lmd-rt,class,InterpBackedgeTally,24,8,3,lambda/runtime/interp.cpp,5211
lmd-rt,struct,ConstDedupEntry,16,8,2,lambda/runtime/interp.cpp,5275
lmd-rt,struct,InterpLiveInScan,24,8,3,lambda/runtime/interp.cpp,6290
lmd-rt,struct,InterpBorrowedCall,264,8,3,lambda/runtime/interp.cpp,6764
lmd-rt,class,InterpBorrowedScratch,24,8,3,lambda/runtime/interp.cpp,6784
lmd-rt,struct,InterpAmbient,64,8,9,lambda/runtime/interp.cpp,7214
lmd-rt,class,InterpStateGuard,136,8,3,lambda/runtime/interp.cpp,7279
lmd-rt,struct,InterpLargeStackArgs,40,8,5,lambda/runtime/interp.cpp,7312
lmd-rt,struct,InterpRuntimeFunctionCall,56,8,7,lambda/runtime/interp.cpp,7516
lmd-rt,enum,LambdaTier,4,4,3,lambda/runtime/interp.hpp,23
lmd-rt,enum,EvalMode,1,1,2,lambda/runtime/interp.hpp,52
lmd-rt,enum,EvalSignal,1,1,7,lambda/runtime/interp.hpp,60
lmd-rt,struct,InterpFrame,168,8,25,lambda/runtime/interp.hpp,100
lmd-rt,struct,InterpContext,40,8,5,lambda/runtime/interp.hpp,157
lmd-rt,struct,InterpErrorContext,16,8,2,lambda/runtime/interp.hpp,169
lmd-rt,struct,InterpViewBinding,56,8,7,lambda/runtime/interp.hpp,177
lmd-rt,struct,InterpState,120,8,18,lambda/runtime/interp.hpp,187
lmd-rt,struct,InterpRunStats,40,8,5,lambda/runtime/interp.hpp,224
lmd-rt,enum,ReplEntryStatus,4,4,4,lambda/runtime/interp.hpp,235
lmd-rt,struct,InterpReplSession,40,8,5,lambda/runtime/interp.hpp,242
lmd-rt,struct,InterpReplTemplateCheckpoint,72,8,3,lambda/runtime/interp.hpp,376
lmd-rt,struct,InterpReplFragmentRun,32,8,4,lambda/runtime/interp.hpp,381
lmd-rt,struct,InterpBoundaryPlan,128,8,12,lambda/runtime/interp.hpp,459
lmd-rt,struct,InterpMapFieldPlan,16,8,2,lambda/runtime/interp.hpp,474
lmd-rt,struct,InterpFieldPlan,24,8,4,lambda/runtime/interp.hpp,479
lmd-rt,struct,InterpPlacePlan,328,8,4,lambda/runtime/interp.hpp,486
lmd-rt,struct,InterpCoreChildAdapter,16,8,2,lambda/runtime/interp_plan.cpp,24
lmd-rt,struct,ScanCtx,24,8,5,lambda/runtime/interp_plan.cpp,288
lmd-rt,struct,SatelliteScanCtx,4,2,2,lambda/runtime/interp_plan.cpp,423
lmd-rt,struct,PlanCtx,48,8,9,lambda/runtime/interp_plan.cpp,873
lmd-rt,struct,NeedAcc,4,4,1,lambda/runtime/interp_plan.cpp,1194
lmd-rt,struct,IoFsOptionMap,32,8,4,lambda/runtime/io_file_search.hpp,17
lmd-rt,struct,IoFsCommonOptions,128,8,16,lambda/runtime/io_file_search.hpp,36
lmd-rt,struct,IoFsSource,32,8,5,lambda/runtime/io_file_search.hpp,60
lmd-rt,struct,IoFsRoot,32,8,4,lambda/runtime/io_file_search.hpp,75
lmd-rt,struct,IoGrepOptions,168,8,2,lambda/runtime/io_grep.cpp,24
lmd-rt,struct,IoGrepRec,64,8,10,lambda/runtime/io_grep.cpp,30
lmd-rt,enum,IoGrepField,4,4,11,lambda/runtime/io_grep.cpp,41
lmd-rt,struct,IoGrepRun,184,8,13,lambda/runtime/io_grep.cpp,46
lmd-rt,struct,PatternList,16,8,2,lambda/runtime/io_grep.cpp,89
lmd-rt,struct,IoSearchOptions,216,8,6,lambda/runtime/io_text_search.cpp,25
lmd-rt,enum,IoSearchField,4,4,13,lambda/runtime/io_text_search.cpp,151
lmd-rt,struct,IoSearchRun,104,8,9,lambda/runtime/io_text_search.cpp,156
lmd-rt,struct,LambdaSymbolKeyList,56,8,3,lambda/runtime/lambda-data-runtime.cpp,74
lmd-rt,struct,GroupHashEntry,16,8,2,lambda/runtime/lambda-data-runtime.cpp,2141
lmd-rt,struct,JoinHashEntry,16,8,2,lambda/runtime/lambda-data-runtime.cpp,2303
lmd-rt,struct,UiAttributeRoots,72,8,1,lambda/runtime/lambda-data-runtime.cpp,3254
lmd-rt,struct,Dl_info,32,8,4,lambda/runtime/lambda-error.cpp,21
lmd-rt,struct,ErrorCodeInfo,24,8,3,lambda/runtime/lambda-error.cpp,56
lmd-rt,struct,DebugInfoList,24,8,3,lambda/runtime/lambda-error.cpp,203
lmd-rt,enum,LambdaErrorCode,4,4,99,lambda/runtime/lambda-error.h,41
lmd-rt,struct,SourceLocation,32,8,6,lambda/runtime/lambda-error.h,170
lmd-rt,struct,StackFrame,56,8,4,lambda/runtime/lambda-error.h,183
lmd-rt,struct,RawStackTrace,32,8,5,lambda/runtime/lambda-error.h,193
lmd-rt,enum,(anonymous),4,4,1,lambda/runtime/lambda-error.h,201
lmd-rt,struct,LambdaError,160,8,23,lambda/runtime/lambda-error.h,207
lmd-rt,enum,LambdaFaultReason,4,4,6,lambda/runtime/lambda-error.h,241
lmd-rt,struct,LambdaFaultRecord,176,8,4,lambda/runtime/lambda-error.h,251
lmd-rt,struct,FuncDebugInfo,40,8,5,lambda/runtime/lambda-error.h,263
lmd-rt,struct,SizedIntegerValue,24,8,4,lambda/runtime/lambda-eval-num.cpp,196
lmd-rt,enum,SizedIntegerOp,4,4,5,lambda/runtime/lambda-eval-num.cpp,203
lmd-rt,enum,SizedFloatOp,4,4,4,lambda/runtime/lambda-eval-num.cpp,211
lmd-rt,enum,SizedBitwiseOp,4,4,3,lambda/runtime/lambda-eval-num.cpp,218
lmd-rt,struct,BitwiseIntegerValue,32,8,2,lambda/runtime/lambda-eval-num.cpp,669
lmd-rt,enum,NumericVectorUnaryOp,4,4,4,lambda/runtime/lambda-eval-num.cpp,903
lmd-rt,enum,StringBuilderCounter,4,4,8,lambda/runtime/lambda-eval.cpp,351
lmd-rt,enum,LambdaDynamicCallMode,4,4,3,lambda/runtime/lambda-eval.cpp,1809
lmd-rt,enum,EqualityMode,4,4,2,lambda/runtime/lambda-eval.cpp,3001
lmd-rt,enum,TotalOrderBand,4,4,18,lambda/runtime/lambda-eval.cpp,3795
lmd-rt,enum,ScalarOrder,4,4,5,lambda/runtime/lambda-eval.cpp,4260
lmd-rt,struct,(anonymous),12,4,3,lambda/runtime/lambda-eval.cpp,4835
lmd-rt,struct,(anonymous),12,4,3,lambda/runtime/lambda-eval.cpp,4836
lmd-rt,struct,(anonymous),12,4,3,lambda/runtime/lambda-eval.cpp,4837
lmd-rt,struct,(anonymous),16,4,3,lambda/runtime/lambda-eval.cpp,4838
lmd-rt,enum,(anonymous),4,4,1,lambda/runtime/lambda-eval.cpp,5572
lmd-rt,enum,(anonymous),4,4,1,lambda/runtime/lambda-eval.cpp,5708
lmd-rt,struct,HighlightLineSource,112,8,6,lambda/runtime/lambda-eval.cpp,5831
lmd-rt,struct,FindReplaceOptions,24,8,5,lambda/runtime/lambda-eval.cpp,8462
lmd-rt,struct,MutableCloneEntry,16,8,2,lambda/runtime/lambda-eval.cpp,9972
lmd-rt,struct,MutableCloneContext,8,8,1,lambda/runtime/lambda-eval.cpp,9977
lmd-rt,struct,CowProfileTypeCounters,32,8,4,lambda/runtime/lambda-eval.cpp,10328
lmd-rt,struct,CowProfileCounters,1144,8,26,lambda/runtime/lambda-eval.cpp,10335
lmd-rt,enum,CowProfileSiteEvent,4,4,3,lambda/runtime/lambda-eval.cpp,10372
lmd-rt,struct,CowProfileSiteCounters,40,8,6,lambda/runtime/lambda-eval.cpp,10378
lmd-rt,struct,CowProfileLifetime,1,1,0,lambda/runtime/lambda-eval.cpp,10476
lmd-rt,struct,LambdaExecCallRow,24,8,4,lambda/runtime/lambda-eval.cpp,10705
lmd-rt,struct,LambdaRegionBlock,24,8,4,lambda/runtime/lambda-mem.cpp,38
lmd-rt,struct,LambdaRegion,16,8,2,lambda/runtime/lambda-mem.cpp,45
lmd-rt,enum,LambdaNumericRuntimePartKind,4,4,3,lambda/runtime/lambda-number-runtime.hpp,32
lmd-rt,struct,LambdaNumericRuntimePart,32,8,4,lambda/runtime/lambda-number-runtime.hpp,38
lmd-rt,struct,LambdaNumericComparison,3,1,3,lambda/runtime/lambda-number-runtime.hpp,45
lmd-rt,enum,LambdaSliceStatus,4,4,3,lambda/runtime/lambda-number-runtime.hpp,143
lmd-rt,enum,LambdaNumericKind,4,4,15,lambda/runtime/lambda-number.hpp,9
lmd-rt,enum,LambdaNumericOpFamily,4,4,8,lambda/runtime/lambda-number.hpp,27
lmd-rt,enum,LambdaNumericOverflow,4,4,3,lambda/runtime/lambda-number.hpp,43
lmd-rt,struct,LambdaNumericDecision,20,4,5,lambda/runtime/lambda-number.hpp,49
lmd-rt,enum,RootFrameLifetime,1,1,2,lambda/runtime/lambda-root-frame.hpp,14
lmd-rt,class,RootFrame,72,8,3,lambda/runtime/lambda-root-frame.hpp,19
lmd-rt,class,RootSpan,48,8,1,lambda/runtime/lambda-root-frame.hpp,58
lmd-rt,class,Rooted,16,8,2,lambda/runtime/lambda-root-frame.hpp,119
lmd-rt,class,LambdaHandle,8,8,1,lambda/runtime/lambda-root-frame.hpp,146
lmd-rt,class,LambdaMutableHandle,8,8,1,lambda/runtime/lambda-root-frame.hpp,165
lmd-rt,class,PersistentRooted,16,8,2,lambda/runtime/lambda-root-frame.hpp,198
lmd-rt,class,AutoAssertNoGC,1,1,0,lambda/runtime/lambda-root-frame.hpp,219
lmd-rt,class,AutoDeferGC,1,1,0,lambda/runtime/lambda-root-frame.hpp,228
lmd-rt,struct,LambdaStackBounds,16,8,2,lambda/runtime/lambda-stack.h,107
lmd-rt,enum,ReduceOp,4,4,5,lambda/runtime/lambda-vector.cpp,3873
lmd-rt,enum,StencilOp,4,4,5,lambda/runtime/lambda-vector.cpp,4543
lmd-rt,enum,BorderMode,4,4,4,lambda/runtime/lambda-vector.cpp,4544
lmd-rt,struct,MirImportEntry,320,8,5,lambda/runtime/mir_emitter_shared.hpp,28
lmd-rt,struct,MirImportCacheEntry,328,8,2,lambda/runtime/mir_emitter_shared.hpp,36
lmd-rt,struct,VarEntry,176,8,47,lambda/runtime/mir_emitter_shared.hpp,41
lmd-rt,struct,VarScopeEntry,184,8,2,lambda/runtime/mir_emitter_shared.hpp,124
lmd-rt,struct,MirRootCandidate,12,4,3,lambda/runtime/mir_emitter_shared.hpp,242
lmd-rt,struct,MirGcCallSite,16,8,3,lambda/runtime/mir_emitter_shared.hpp,248
lmd-rt,struct,MirRootWriteBackResult,20,4,5,lambda/runtime/mir_emitter_shared.hpp,254
lmd-rt,enum,MirReturnLaneKind,4,4,3,lambda/runtime/mir_emitter_shared.hpp,269
lmd-rt,struct,MirRootBinding,12,4,3,lambda/runtime/mir_emitter_shared.hpp,274
lmd-rt,struct,MirEnvBinding,8,4,2,lambda/runtime/mir_emitter_shared.hpp,279
lmd-rt,enum,MirEntryMode,4,4,2,lambda/runtime/mir_emitter_shared.hpp,283
lmd-rt,enum,MirFrameRefKind,4,4,4,lambda/runtime/mir_emitter_shared.hpp,287
lmd-rt,struct,MirFrameRef,8,4,2,lambda/runtime/mir_emitter_shared.hpp,293
lmd-rt,enum,ScalarPayloadProvenance,4,4,6,lambda/runtime/mir_emitter_shared.hpp,297
lmd-rt,struct,MirValue,72,8,13,lambda/runtime/mir_emitter_shared.hpp,305
lmd-rt,enum,MirPendingMaterializeReason,4,4,10,lambda/runtime/mir_emitter_shared.hpp,331
lmd-rt,enum,MirValueDemand,4,4,5,lambda/runtime/mir_emitter_shared.hpp,344
lmd-rt,struct,MirCallOptions,8,4,3,lambda/runtime/mir_emitter_shared.hpp,351
lmd-rt,struct,MirCallResult,160,8,3,lambda/runtime/mir_emitter_shared.hpp,361
lmd-rt,struct,MirFunctionMetadata,32,8,9,lambda/runtime/mir_emitter_shared.hpp,366
lmd-rt,struct,MirScalarHomeBinding,8,4,2,lambda/runtime/mir_emitter_shared.hpp,377
lmd-rt,struct,MirScalarHomeFixup,16,8,3,lambda/runtime/mir_emitter_shared.hpp,381
lmd-rt,struct,MirFunctionPlan,48,8,10,lambda/runtime/mir_emitter_shared.hpp,386
lmd-rt,struct,MirFunctionArgumentState,132,4,2,lambda/runtime/mir_emitter_shared.hpp,412
lmd-rt,struct,MirFrameState,320,8,57,lambda/runtime/mir_emitter_shared.hpp,419
lmd-rt,struct,MirEmitter,736,8,33,lambda/runtime/mir_emitter_shared.hpp,495
lmd-rt,struct,MirModuleSlotProfile,32,8,4,lambda/runtime/mir_emitter_shared.hpp,557
lmd-rt,struct,MirNumericOpPlan,32,8,5,lambda/runtime/mir_emitter_shared.hpp,1256
lmd-rt,struct,MirRootLivenessBlock,8,4,2,lambda/runtime/mir_emitter_shared.hpp,2554
lmd-rt,struct,MirRootLabelBlock,16,8,2,lambda/runtime/mir_emitter_shared.hpp,2628
lmd-rt,struct,MirLoopInvariant,16,8,4,lambda/runtime/mir_loop_invariants.hpp,5
lmd-rt,enum,MirLinkInterface,4,4,3,lambda/runtime/mir_policy.hpp,23
lmd-rt,struct,MirLinkSelection,8,4,2,lambda/runtime/mir_policy.hpp,29
lmd-rt,struct,MirConstructionPlan,16,8,3,lambda/runtime/mir_shape_candidates.hpp,7
lmd-rt,struct,MirFieldAccessPlan,40,8,4,lambda/runtime/mir_shape_candidates.hpp,13
lmd-rt,struct,MirShapeCandidateProfile,40,8,5,lambda/runtime/mir_shape_candidates.hpp,48
lmd-rt,enum,ModuleAstPrebuildJobKind,4,4,3,lambda/runtime/module_ast_prebuild.cpp,24
lmd-rt,struct,ModuleAstPrebuildRoot,24,8,3,lambda/runtime/module_ast_prebuild.cpp,30
lmd-rt,struct,ModuleAstPrebuildJob,32,8,4,lambda/runtime/module_ast_prebuild.cpp,36
lmd-rt,struct,ModuleAstPrebuildTask,104,8,14,lambda/runtime/module_ast_prebuild.cpp,43
lmd-rt,struct,ModuleAstPrebuildTaskEntry,16,8,2,lambda/runtime/module_ast_prebuild.cpp,60
lmd-rt,struct,ModuleAstPrebuildRegistry,104,8,6,lambda/runtime/module_ast_prebuild.cpp,69
lmd-rt,enum,ModuleAstLanguage,4,4,3,lambda/runtime/module_ast_prebuild.hpp,12
lmd-rt,struct,ModuleAstResolvedImport,16,8,2,lambda/runtime/module_ast_prebuild.hpp,18
lmd-rt,struct,ModuleAstPrebuildProfile,48,8,6,lambda/runtime/module_ast_prebuild.hpp,34
lmd-rt,struct,ModuleAstPrebuildProfiles,16,8,1,lambda/runtime/module_ast_prebuild.hpp,45
lmd-rt,struct,ModuleAstPrebuildStats,20,4,5,lambda/runtime/module_ast_prebuild.hpp,49
lmd-rt,struct,ModuleRegistry,32,8,4,lambda/runtime/module_registry.cpp,40
lmd-rt,struct,RegistryEntry,16,8,2,lambda/runtime/module_registry.cpp,48
lmd-rt,struct,ModuleNamespaceOps,32,8,4,lambda/runtime/module_registry.h,23
lmd-rt,struct,ModuleDescriptor,176,8,27,lambda/runtime/module_registry.h,31
lmd-rt,enum,(anonymous),1,1,3,lambda/runtime/parse_type_pattern.cpp,40
lmd-rt,struct,Lexer,56,8,6,lambda/runtime/parse_type_pattern.cpp,46
lmd-rt,enum,TypePatternMode,4,4,2,lambda/runtime/parse_type_pattern.hpp,29
lmd-rt,struct,TypePatternFailure,16,8,2,lambda/runtime/parse_type_pattern.hpp,39
lmd-rt,struct,LexerKeyword,16,8,2,lambda/runtime/parser/lambda_lexer.c,196
lmd-rt,enum,(anonymous),4,4,14,lambda/runtime/parser/lambda_parser.c,5
lmd-rt,struct,LambdaRdParser,160,8,19,lambda/runtime/parser/lambda_parser.c,8
lmd-rt,struct,ParserGrowBuffer,32,8,5,lambda/runtime/parser/lambda_parser.c,621
lmd-rt,struct,LambdaCallableSignature,32,8,5,lambda/runtime/parser/lambda_parser.c,1187
lmd-rt,enum,(anonymous),4,4,1,lambda/runtime/parser/lambda_parser.c,2512
lmd-rt,enum,LambdaTokenKind,4,4,113,lambda/runtime/parser/lambda_rd_parser.h,18
lmd-rt,struct,LambdaToken,24,4,5,lambda/runtime/parser/lambda_rd_parser.h,156
lmd-rt,struct,LambdaLexer,40,8,6,lambda/runtime/parser/lambda_rd_parser.h,167
lmd-rt,enum,LambdaParseStatus,4,4,3,lambda/runtime/parser/lambda_rd_parser.h,178
lmd-rt,struct,LambdaParseError,56,8,4,lambda/runtime/parser/lambda_rd_parser.h,184
lmd-rt,enum,(anonymous),4,4,1,lambda/runtime/parser/lambda_rd_parser.h,194
lmd-rt,struct,LambdaParseReport,912,8,4,lambda/runtime/parser/lambda_rd_parser.h,195
lmd-rt,struct,LambdaParseMetrics,24,8,4,lambda/runtime/parser/lambda_rd_parser.h,202
lmd-rt,enum,LambdaReductionKind,4,4,23,lambda/runtime/parser/lambda_rd_parser.h,211
lmd-rt,enum,LambdaReductionForm,4,4,77,lambda/runtime/parser/lambda_rd_parser.h,241
lmd-rt,enum,(anonymous),4,4,22,lambda/runtime/parser/lambda_rd_parser.h,331
lmd-rt,struct,LambdaParseReduction,104,8,10,lambda/runtime/parser/lambda_rd_parser.h,364
lmd-rt,struct,LambdaParseSink,8,8,1,lambda/runtime/parser/lambda_rd_parser.h,387
lmd-rt,struct,ParserSource,32,8,5,lambda/runtime/parser/source_parser.h,13
lmd-rt,struct,PDFBuilder,40,8,4,lambda/runtime/pdf_builder.cpp,17
lmd-rt,struct,PDFField,32,8,4,lambda/runtime/pdf_builder.cpp,151
lmd-rt,struct,LambdaEmitScope,24,8,3,lambda/runtime/radiant_event_hook.h,9
lmd-rt,enum,LiteralTypeRender,4,4,2,lambda/runtime/re2_wrapper.cpp,83
lmd-rt,struct,PatternCharRange,8,4,2,lambda/runtime/re2_wrapper.cpp,104
lmd-rt,struct,PatternCharSet,24,8,3,lambda/runtime/re2_wrapper.cpp,109
lmd-rt,enum,LambdaRecoveryFrameCapability,4,4,4,lambda/runtime/recovery_frame.h,17
lmd-rt,enum,LambdaRecoveryFrameState,4,4,5,lambda/runtime/recovery_frame.h,24
lmd-rt,struct,LambdaRecoveryFrame,480,8,11,lambda/runtime/recovery_frame.h,34
lmd-rt,struct,RenderMapState,80,8,10,lambda/runtime/render_map.cpp,22
lmd-rt,struct,ReverseMapEntry,24,8,2,lambda/runtime/render_map.cpp,135
lmd-rt,struct,SourcePathIndexEntry,24,8,3,lambda/runtime/render_map.cpp,145
lmd-rt,struct,RenderMapKey,16,8,2,lambda/runtime/render_map.h,16
lmd-rt,struct,RenderMapEntry,64,8,8,lambda/runtime/render_map.h,22
lmd-rt,struct,RetransformResult,40,8,6,lambda/runtime/render_map.h,67
lmd-rt,struct,RenderMapLookup,16,8,2,lambda/runtime/render_map.h,96
lmd-rt,struct,RootVectorBlock,512,8,1,lambda/runtime/root_vector.cpp,14
lmd-rt,enum,(anonymous),4,4,1,lambda/runtime/root_vector.h,27
lmd-rt,struct,RootVector,72,8,10,lambda/runtime/root_vector.h,31
lmd-rt,struct,LambdaAstPrebuildDiscoverState,40,8,5,lambda/runtime/runner.cpp,87
lmd-rt,struct,PhaseProfile,608,8,14,lambda/runtime/runner.cpp,367
lmd-rt,enum,LambdaOwnTimingPhase,4,4,9,lambda/runtime/runner.cpp,436
lmd-rt,struct,LambdaOwnTimingFrame,96,8,4,lambda/runtime/runner.cpp,448
lmd-rt,struct,RuntimeLoadedScriptEntry,16,8,2,lambda/runtime/runner.cpp,635
lmd-rt,class,LambdaScriptSourceLease,16,8,2,lambda/runtime/runner.cpp,803
lmd-rt,class,LambdaScriptBuildClaim,24,8,4,lambda/runtime/runner.cpp,833
lmd-rt,struct,LambdaAstCloneGraph,16,8,2,lambda/runtime/runner.cpp,1100
lmd-rt,struct,LambdaDirectFrontendPassContext,88,8,5,lambda/runtime/runner.cpp,1549
lmd-rt,struct,ReplEntryTxn,72,8,10,lambda/runtime/runner.cpp,2388
lmd-rt,struct,ReplFragmentIndexOwner,8,8,1,lambda/runtime/runner.cpp,2477
lmd-rt,struct,ModuleUnitIndexEntry,8,4,2,lambda/runtime/runtime-state.cpp,44
lmd-rt,class,RuntimeCurrentFileScope,16,8,2,lambda/runtime/runtime-state.h,32
lmd-rt,class,RuntimeExecutionScope,16,8,2,lambda/runtime/runtime-state.h,44
lmd-rt,class,RuntimeModuleStateScope,24,8,3,lambda/runtime/runtime-state.h,59
lmd-rt,class,RuntimeJitModuleStateScope,16,8,2,lambda/runtime/runtime-state.h,78
lmd-rt,struct,LambdaModuleStateSnapshot,24,8,4,lambda/runtime/runtime-state.h,105
lmd-rt,struct,LambdaSideStackSnapshot,16,8,2,lambda/runtime/side_stack.h,18
lmd-rt,struct,LambdaRecoveryCheckpoint,64,8,6,lambda/runtime/side_stack.h,26
lmd-rt,struct,LambdaRootFrame,48,8,6,lambda/runtime/side_stack.h,37
lmd-rt,struct,LambdaSideStackRegion,32,8,4,lambda/runtime/side_stack.h,47
lmd-rt,struct,SourceSpan,8,4,2,lambda/runtime/source_span.h,7
lmd-rt,struct,LambdaSourcePoint,8,4,2,lambda/runtime/source_span.h,12
lmd-rt,struct,RuntimeSourcePath,16,8,2,lambda/runtime/sys_func_registry.c,166
lmd-rt,struct,RuntimeSourcePos,24,8,2,lambda/runtime/sys_func_registry.c,170
lmd-rt,enum,CRetType,4,4,9,lambda/runtime/sys_func_registry.h,29
lmd-rt,struct,SysFuncArgDesc,4,4,1,lambda/runtime/sys_func_registry.h,45
lmd-rt,enum,SysFuncResultKind,4,4,11,lambda/runtime/sys_func_registry.h,54
lmd-rt,struct,SysFuncInfo,128,8,22,lambda/runtime/sys_func_registry.h,88
lmd-rt,enum,JitGcEffect,4,4,2,lambda/runtime/sys_func_registry.h,158
lmd-rt,enum,JitReentryEffect,4,4,3,lambda/runtime/sys_func_registry.h,163
lmd-rt,enum,JitExceptionEffect,4,4,4,lambda/runtime/sys_func_registry.h,171
lmd-rt,enum,JitNumberStackEffect,4,4,2,lambda/runtime/sys_func_registry.h,181
lmd-rt,enum,JitArgEffect,4,4,5,lambda/runtime/sys_func_registry.h,191
lmd-rt,enum,JitReturnTransport,4,4,3,lambda/runtime/sys_func_registry.h,198
lmd-rt,struct,JitAbiValue,8,4,2,lambda/runtime/sys_func_registry.h,203
lmd-rt,struct,JitAbiArg,12,4,2,lambda/runtime/sys_func_registry.h,207
lmd-rt,struct,JitReturnLane,16,4,3,lambda/runtime/sys_func_registry.h,211
lmd-rt,struct,JitCallEffects,16,4,4,lambda/runtime/sys_func_registry.h,216
lmd-rt,struct,JitCallMetadata,80,8,9,lambda/runtime/sys_func_registry.h,222
lmd-rt,struct,JitImportMetadata,28,4,7,lambda/runtime/sys_func_registry.h,250
lmd-rt,enum,(anonymous),4,4,9,lambda/runtime/sys_func_registry.h,260
lmd-rt,struct,JitImport,48,8,3,lambda/runtime/sys_func_registry.h,357
lmd-rt,struct,SysinfoCache,88,8,11,lambda/runtime/sysinfo.cpp,64
lmd-rt,struct,TemplateHostSession,304,8,10,lambda/runtime/template_host.cpp,14
lmd-rt,struct,TemplateHostActivationHooks,16,8,2,lambda/runtime/template_host.h,10
lmd-rt,class,TemplateHostBinding,64,8,9,lambda/runtime/template_host.h,26
lmd-rt,enum,TemplateSpecificity,4,4,6,lambda/runtime/template_registry.h,15
lmd-rt,struct,TemplateHandlerEntry,48,8,6,lambda/runtime/template_registry.h,25
lmd-rt,struct,TemplateEntry,160,8,24,lambda/runtime/template_registry.h,38
lmd-rt,struct,TemplateRegistry,56,8,8,lambda/runtime/template_registry.h,90
lmd-rt,struct,TemplateStateStore,16,8,2,lambda/runtime/template_state.cpp,17
lmd-rt,struct,TemplateStateKey,24,8,3,lambda/runtime/template_state.h,15
lmd-rt,struct,TemplateStateEntry,32,8,2,lambda/runtime/template_state.h,22
lmd-rt,struct,TerminalSession,48,8,9,lambda/runtime/terminal_host.cpp,14
lmd-rt,struct,TerminalCompletionSink,8,8,1,lambda/runtime/terminal_host.cpp,57
lmd-rt,enum,TerminalReadStatus,4,4,4,lambda/runtime/terminal_host.h,9
lmd-rt,struct,TerminalReadResult,16,8,2,lambda/runtime/terminal_host.h,16
lmd-rt,struct,TerminalTransport,56,8,7,lambda/runtime/terminal_host.h,23
lmd-rt,class,MirNativeCodegenLock,1,1,1,lambda/runtime/transpile-mir.cpp,60
lmd-rt,struct,LoopLabels,64,8,8,lambda/runtime/transpile-mir.cpp,162
lmd-rt,struct,MirFiniteIntFact,24,8,3,lambda/runtime/transpile-mir.cpp,179
lmd-rt,enum,(anonymous),4,4,1,lambda/runtime/transpile-mir.cpp,185
lmd-rt,struct,MirDeferredNullBoundary,24,8,3,lambda/runtime/transpile-mir.cpp,187
lmd-rt,struct,MirPropertyKeyEntry,32,8,4,lambda/runtime/transpile-mir.cpp,193
lmd-rt,struct,MirArrayCertEntry,24,8,3,lambda/runtime/transpile-mir.cpp,202
lmd-rt,enum,(anonymous),4,4,1,lambda/runtime/transpile-mir.cpp,213
lmd-rt,struct,MirInlineFrame,16,8,3,lambda/runtime/transpile-mir.cpp,218
lmd-rt,struct,MirBindingVarLocator,24,8,3,lambda/runtime/transpile-mir.cpp,226
lmd-rt,struct,MirBindingGlobalLocator,16,8,2,lambda/runtime/transpile-mir.cpp,232
lmd-rt,struct,MirTypedArrayCacheLocator,16,8,2,lambda/runtime/transpile-mir.cpp,237
lmd-rt,enum,(anonymous),4,4,1,lambda/runtime/transpile-mir.cpp,242
lmd-rt,struct,MirArrayTailPlan,80,8,3,lambda/runtime/transpile-mir.cpp,243
lmd-rt,struct,MirTranspiler,7800,8,210,lambda/runtime/transpile-mir.cpp,249
lmd-rt,enum,MirFlowFactKind,4,4,3,lambda/runtime/transpile-mir.cpp,724
lmd-rt,struct,MirFlowFact,32,8,5,lambda/runtime/transpile-mir.cpp,726
lmd-rt,struct,MirFlowIntBound,24,8,3,lambda/runtime/transpile-mir.cpp,734
lmd-rt,struct,MirFlowIndexBound,16,8,2,lambda/runtime/transpile-mir.cpp,740
lmd-rt,struct,MirRecordValue,72,8,9,lambda/runtime/transpile-mir.cpp,745
lmd-rt,struct,MirSmallArrayValue,40,8,4,lambda/runtime/transpile-mir.cpp,757
lmd-rt,struct,MirFlowScope,1864,8,13,lambda/runtime/transpile-mir.cpp,765
lmd-rt,struct,LocalFuncEntry,32,8,4,lambda/runtime/transpile-mir.cpp,804
lmd-rt,struct,MirGcFreeBody,8,8,1,lambda/runtime/transpile-mir.cpp,816
lmd-rt,struct,MirGcPlanFact,16,8,2,lambda/runtime/transpile-mir.cpp,822
lmd-rt,struct,MirRawVariantKey,264,8,4,lambda/runtime/transpile-mir.cpp,839
lmd-rt,struct,MirBinderRawGuardHoist,24,8,3,lambda/runtime/transpile-mir.cpp,846
lmd-rt,struct,MirBinderRawGuardCseScope,8,8,1,lambda/runtime/transpile-mir.cpp,859
lmd-rt,struct,NativeFuncInfo,1464,8,19,lambda/runtime/transpile-mir.cpp,875
lmd-rt,struct,GlobalVarEntry,40,8,6,lambda/runtime/transpile-mir.cpp,925
lmd-rt,struct,CallSiteEntry,1920,8,23,lambda/runtime/transpile-mir.cpp,963
lmd-rt,struct,MirDefectFact,16,8,2,lambda/runtime/transpile-mir.cpp,1024
lmd-rt,struct,ShapeHintEntry,24,8,3,lambda/runtime/transpile-mir.cpp,1033
lmd-rt,struct,MirIndexedLoopFrame,32,8,4,lambda/runtime/transpile-mir.cpp,2039
lmd-rt,struct,MirPipeContext,20,4,5,lambda/runtime/transpile-mir.cpp,2083
lmd-rt,struct,BoxedReg,4,4,1,lambda/runtime/transpile-mir.cpp,2215
lmd-rt,struct,LaneReg,4,4,1,lambda/runtime/transpile-mir.cpp,2219
lmd-rt,struct,MirLayoutReload,16,8,2,lambda/runtime/transpile-mir.cpp,2881
lmd-rt,struct,MirLabelBlock,16,8,2,lambda/runtime/transpile-mir.cpp,2899
lmd-rt,struct,MirCowFactRow,24,8,4,lambda/runtime/transpile-mir.cpp,3804
lmd-rt,struct,MirCowJoin,32,8,4,lambda/runtime/transpile-mir.cpp,3820
lmd-rt,struct,MirStringBindingScan,16,8,2,lambda/runtime/transpile-mir.cpp,3907
lmd-rt,struct,MirVarArgScan,16,8,2,lambda/runtime/transpile-mir.cpp,4036
lmd-rt,struct,MirBoolOrNullBindingScan,16,8,2,lambda/runtime/transpile-mir.cpp,4157
lmd-rt,enum,MirParamOwnership,4,4,2,lambda/runtime/transpile-mir.cpp,4428
lmd-rt,struct,MirRecordPrefixVisit,16,8,2,lambda/runtime/transpile-mir.cpp,4612
lmd-rt,struct,MirBindingUseCount,16,8,2,lambda/runtime/transpile-mir.cpp,4613
lmd-rt,struct,MirRejectedJoin,16,8,2,lambda/runtime/transpile-mir.cpp,5334
lmd-rt,struct,MirDefinitionProofScan,32,8,5,lambda/runtime/transpile-mir.cpp,7483
lmd-rt,struct,MirLengthStabilityScan,16,8,2,lambda/runtime/transpile-mir.cpp,7580
lmd-rt,struct,ConstMaterializeCtx,16,8,2,lambda/runtime/transpile-mir.cpp,8790
lmd-rt,struct,MirMapContractScope,56,8,7,lambda/runtime/transpile-mir.cpp,9122
lmd-rt,enum,MirAppendBuilderElementKind,4,4,2,lambda/runtime/transpile-mir.cpp,9733
lmd-rt,struct,MirAppendBuilderScan,32,8,6,lambda/runtime/transpile-mir.cpp,9745
lmd-rt,struct,MirStringTailScan,24,8,3,lambda/runtime/transpile-mir.cpp,12707
lmd-rt,struct,MirNativeIndexValue,8,4,2,lambda/runtime/transpile-mir.cpp,13248
lmd-rt,struct,MirLoopCowScan,24,8,4,lambda/runtime/transpile-mir.cpp,17757
lmd-rt,struct,MirCowLoopJoin,32,8,1,lambda/runtime/transpile-mir.cpp,17913
lmd-rt,enum,(anonymous),4,4,3,lambda/runtime/transpile-mir.cpp,18789
lmd-rt,struct,MirFiniteLoopPlan,96,8,11,lambda/runtime/transpile-mir.cpp,18795
lmd-rt,struct,MirAffineTerm,24,8,3,lambda/runtime/transpile-mir.cpp,18950
lmd-rt,enum,(anonymous),4,4,1,lambda/runtime/transpile-mir.cpp,19349
lmd-rt,struct,MirFiniteDescendingSumPlan,16,8,2,lambda/runtime/transpile-mir.cpp,19354
lmd-rt,struct,MirDenseRootFact,16,8,3,lambda/runtime/transpile-mir.cpp,19452
lmd-rt,struct,MirDenseScan,360,8,11,lambda/runtime/transpile-mir.cpp,19458
lmd-rt,struct,MirDenseLoopScan,392,8,7,lambda/runtime/transpile-mir.cpp,19864
lmd-rt,enum,(anonymous),4,4,2,lambda/runtime/transpile-mir.cpp,20581
lmd-rt,struct,MirLoopAccumulatorPlan,224,8,6,lambda/runtime/transpile-mir.cpp,20583
lmd-rt,struct,MirAccumulatorWriteScan,16,8,3,lambda/runtime/transpile-mir.cpp,20592
lmd-rt,struct,MirAccumulatorCandidate,24,8,3,lambda/runtime/transpile-mir.cpp,20636
lmd-rt,struct,MirAccumulatorExemptScan,32,8,4,lambda/runtime/transpile-mir.cpp,20684
lmd-rt,struct,MirLoopAccumulatorScope,248,8,10,lambda/runtime/transpile-mir.cpp,20816
lmd-rt,struct,MirBinderRawLoopHoistPlan,32,8,4,lambda/runtime/transpile-mir.cpp,20891
lmd-rt,struct,MirBinderRawLoopHoistScan,40,8,5,lambda/runtime/transpile-mir.cpp,20898
lmd-rt,struct,MirBinderRawLoopHoistScope,32,8,7,lambda/runtime/transpile-mir.cpp,20977
lmd-rt,struct,MirAsciiScanPlan,56,8,8,lambda/runtime/transpile-mir.cpp,21064
lmd-rt,struct,MirListLowering,16,8,3,lambda/runtime/transpile-mir.cpp,23514
lmd-rt,enum,MirIndexStorageKind,4,4,3,lambda/runtime/transpile-mir.cpp,27282
lmd-rt,enum,MirIndexResultKind,4,4,9,lambda/runtime/transpile-mir.cpp,27288
lmd-rt,enum,MirIndexGuardKind,4,4,4,lambda/runtime/transpile-mir.cpp,27302
lmd-rt,enum,MirIndexOobKind,4,4,2,lambda/runtime/transpile-mir.cpp,27313
lmd-rt,enum,MirIndexSlowKind,4,4,3,lambda/runtime/transpile-mir.cpp,27318
lmd-rt,struct,MirIndexLoadPolicy,72,8,13,lambda/runtime/transpile-mir.cpp,27324
lmd-rt,enum,(anonymous),4,4,3,lambda/runtime/transpile-mir.cpp,27525
lmd-rt,struct,MirIndexProof,16,8,3,lambda/runtime/transpile-mir.cpp,27531
lmd-rt,struct,MirTypedArrayWriteRoot,32,8,6,lambda/runtime/transpile-mir.cpp,27636
lmd-rt,struct,MirTypedArrayWriteScan,408,8,7,lambda/runtime/transpile-mir.cpp,27645
lmd-rt,struct,MirLastIndexScope,24,8,3,lambda/runtime/transpile-mir.cpp,29171
lmd-rt,struct,MirColourGuard,16,8,2,lambda/runtime/transpile-mir.cpp,29686
lmd-rt,enum,MirVarHomeKind,4,4,3,lambda/runtime/transpile-mir.cpp,29760
lmd-rt,struct,MirVarHome,24,8,4,lambda/runtime/transpile-mir.cpp,29774
lmd-rt,enum,MirArrayNumStoreLane,4,4,3,lambda/runtime/transpile-mir.cpp,36132
lmd-rt,struct,MirParamKeyWalk,32,8,4,lambda/runtime/transpile-mir.cpp,39745
lmd-rt,struct,MirDefectOriginScan,96,8,6,lambda/runtime/transpile-mir.cpp,40228
lmd-rt,struct,MirReturnScan,24,8,3,lambda/runtime/transpile-mir.cpp,40423
lmd-rt,struct,MirDefectEdgeScan,16,8,2,lambda/runtime/transpile-mir.cpp,40687
lmd-rt,struct,MirArrayBoundaryScan,16,8,2,lambda/runtime/transpile-mir.cpp,40773
lmd-rt,enum,(anonymous),4,4,1,lambda/runtime/transpile-mir.cpp,44219
lmd-rt,struct,MirElemInvalidationPath,264,8,2,lambda/runtime/transpile-mir.cpp,44221
lmd-rt,struct,MirDefineDependencyScan,24,8,3,lambda/runtime/transpile-mir.cpp,45352
lmd-rt,struct,MirForwardPrepassVisit,16,8,2,lambda/runtime/transpile-mir.cpp,45453
lmd-rt,struct,MirGcPlanScan,16,8,3,lambda/runtime/transpile-mir.cpp,45789
lmd-rt,struct,MirFunctionPrepassVisit,16,8,2,lambda/runtime/transpile-mir.cpp,46528
lmd-rt,struct,MirModuleNames,40,8,5,lambda/runtime/transpile-mir.cpp,46594
lmd-rt,struct,MirModuleArtifacts,32,8,4,lambda/runtime/transpile-mir.cpp,46602
lmd-rt,struct,MirModuleBuild,7808,8,2,lambda/runtime/transpile-mir.cpp,46616
lmd-rt,struct,LambdaMirPipelinePassContext,7888,8,11,lambda/runtime/transpile-mir.cpp,47070
lmd-rt,struct,MirSatelliteClusterScan,32,8,5,lambda/runtime/transpile-mir.cpp,47194
lmd-rt,struct,LambdaMirLinkPassContext,48,8,6,lambda/runtime/transpile-mir.cpp,47909
lmd-rt,struct,InterpWorkerArgs,16,8,2,lambda/runtime/transpile-mir.cpp,48385
lmd-rt,struct,InterpStackScan,3088,8,5,lambda/runtime/transpile-mir.cpp,48417
lmd-rt,struct,LambdaMapContractCacheEntry,24,8,3,lambda/runtime/transpiler.hpp,25
lmd-rt,struct,LambdaArrayRepCertCacheEntry,16,8,2,lambda/runtime/transpiler.hpp,35
lmd-rt,struct,Heap,6216,8,10,lambda/runtime/transpiler.hpp,40
lmd-rt,struct,Runner,24,8,3,lambda/runtime/transpiler.hpp,103
lmd-rt,struct,Runtime,184,8,33,lambda/runtime/transpiler.hpp,111
lmd-rt,enum,LambdaDocumentTransformSource,4,4,2,lambda/runtime/transpiler.hpp,281
lmd-rt,struct,LambdaDocumentTransformConfig,32,8,5,lambda/runtime/transpiler.hpp,286
lmd-rt,enum,LambdaDocumentTransformOptionKind,4,4,2,lambda/runtime/transpiler.hpp,297
lmd-rt,struct,LambdaDocumentTransformOption,32,8,4,lambda/runtime/transpiler.hpp,303
lmd-rt,enum,(anonymous),4,4,1,lambda/runtime/transpiler.hpp,334
lmd-rt,struct,InterpSatelliteImage,1112,8,14,lambda/runtime/transpiler.hpp,335
lmd-rt,struct,ContractSpan,16,8,2,lambda/runtime/type_contract.cpp,518
lmd-rt,enum,Admission,4,4,3,lambda/runtime/type_contract.cpp,753
lmd-rt,struct,ContractWalk,4,4,1,lambda/runtime/type_contract.cpp,758
lmd-rt,struct,ContractSet,16,8,2,lambda/runtime/type_contract.cpp,763
lmd-rt,enum,ContainerKind,4,4,4,lambda/runtime/type_contract.cpp,875
lmd-rt,enum,LambdaTypeExclusion,4,4,2,lambda/runtime/type_contract.hpp,7
lmd-rt,enum,LambdaWideResultProof,4,4,3,lambda/runtime/type_contract.hpp,15
lmd-rt,enum,StaticBoundaryResult,4,4,3,lambda/runtime/type_contract.hpp,30
lmd-rt,enum,MapContractRelation,4,4,5,lambda/runtime/type_contract.hpp,44
lmd-rt,struct,LambdaArrayContractInfo,56,8,7,lambda/runtime/type_contract.hpp,55
lmd-rt,enum,JitValueClass,4,4,5,lambda/runtime/value_rep.h,7
lmd-rt,enum,JitAbiRep,4,4,5,lambda/runtime/value_rep.h,14
lmd-rt,enum,ScalarReturnClass,4,4,5,lambda/runtime/value_rep.h,21
lmd-rt,enum,ValueRep,4,4,10,lambda/runtime/value_rep.h,28
lmd-rt,enum,BindingStorage,4,4,4,lambda/runtime/value_rep.h,47
lmd-rt,enum,FnEntryKind,4,4,4,lambda/runtime/value_rep.h,53
lmd-rt,enum,FnErrorLane,4,4,2,lambda/runtime/value_rep.h,63
lmd-rt,enum,FnReturnShape,4,4,4,lambda/runtime/value_rep.h,72
lmd-rt,enum,FnCompanionTransport,4,4,3,lambda/runtime/value_rep.h,85
lmd-rt,enum,(anonymous),4,4,1,lambda/runtime/value_rep.h,104
lmd-rt,struct,HashMapEntry,16,8,2,lambda/runtime/vmap.cpp,66
lmd-rt,struct,HashMapData,48,8,6,lambda/runtime/vmap.cpp,72
lmd-rt,enum,(anonymous),4,4,1,lambda/runtime/write_set.cpp,86
lmd-rt,struct,AnchorChain,2056,8,2,lambda/runtime/write_set.cpp,87
lmd-rt,enum,SpliceKind,4,4,3,lambda/runtime/write_set.cpp,223
lmd-rt,enum,WriteOp,4,4,8,lambda/runtime/write_set.hpp,26
lmd-rt,struct,WriteEdit,64,8,8,lambda/runtime/write_set.hpp,47
lmd-rt,enum,AsgiTransport,4,4,2,lambda/serve/asgi_bridge.hpp,25
lmd-rt,struct,AsgiWorker,752,8,7,lambda/serve/asgi_bridge.hpp,30
lmd-rt,struct,AsgiBridge,80,8,10,lambda/serve/asgi_bridge.hpp,44
lmd-rt,struct,BashBackendData,16,8,2,lambda/serve/backend_bash.cpp,27
lmd-rt,struct,JsBackendData,4,4,1,lambda/serve/backend_js.cpp,26
lmd-rt,struct,PyBackendData,16,8,2,lambda/serve/backend_python.cpp,31
lmd-rt,struct,ParsedJson,16,8,2,lambda/serve/body_parser.hpp,22
lmd-rt,struct,WsgiWorker,752,8,7,lambda/serve/flask_compat.hpp,25
lmd-rt,struct,WsgiBridge,12088,8,8,lambda/serve/flask_compat.hpp,37
lmd-rt,enum,BodyType,4,4,7,lambda/serve/http_request.hpp,28
lmd-rt,struct,MultipartPart,56,8,7,lambda/serve/http_request.hpp,42
lmd-rt,struct,HttpRequest,216,8,22,lambda/serve/http_request.hpp,70
lmd-rt,struct,CookieOptions,40,8,6,lambda/serve/http_response.hpp,27
lmd-rt,struct,HttpResponse,72,8,10,lambda/serve/http_response.hpp,42
lmd-rt,enum,BackendResult,4,4,5,lambda/serve/language_backend.hpp,32
lmd-rt,struct,LanguageBackend,72,8,9,lambda/serve/language_backend.hpp,44
lmd-rt,struct,BackendRegistry,72,8,2,lambda/serve/language_backend.hpp,73
lmd-rt,struct,MiddlewareEntry,32,8,4,lambda/serve/middleware.hpp,36
lmd-rt,struct,MiddlewareContext,32,8,4,lambda/serve/middleware.hpp,47
lmd-rt,struct,MiddlewareStack,24,8,3,lambda/serve/middleware.hpp,61
lmd-rt,struct,CorsOptions,40,8,6,lambda/serve/middleware.hpp,88
lmd-rt,struct,StaticOptions,24,8,4,lambda/serve/middleware.hpp,105
lmd-rt,struct,OpenApiInfo,64,8,8,lambda/serve/openapi.hpp,23
lmd-rt,struct,OpenApiConfig,80,8,3,lambda/serve/openapi.hpp,34
lmd-rt,struct,OpenApiContext,104,8,4,lambda/serve/openapi.hpp,44
lmd-rt,struct,RestEndpoint,48,8,6,lambda/serve/rest.hpp,19
lmd-rt,struct,RestResource,368,8,16,lambda/serve/rest.hpp,32
lmd-rt,struct,RegisteredEndpoint,64,8,3,lambda/serve/rest.hpp,59
lmd-rt,struct,EndpointRegistry,16392,8,2,lambda/serve/rest.hpp,67
lmd-rt,struct,PathSegments,776,8,3,lambda/serve/router.cpp,156
lmd-rt,struct,RouteNode,184,8,8,lambda/serve/router.hpp,36
lmd-rt,struct,Router,16,8,2,lambda/serve/router.hpp,55
lmd-rt,enum,JsonType,4,4,6,lambda/serve/schema_validator.cpp,23
lmd-rt,struct,RequiredCtx,24,8,3,lambda/serve/schema_validator.cpp,371
lmd-rt,enum,HttpMethod,4,4,11,lambda/serve/serve_types.hpp,19
lmd-rt,enum,HttpStatus,4,4,28,lambda/serve/serve_types.hpp,37
lmd-rt,struct,HttpHeader,24,8,3,lambda/serve/serve_types.hpp,81
lmd-rt,struct,ServerConfig,80,8,13,lambda/serve/serve_types.hpp,96
lmd-rt,struct,ClientConnection,488,8,12,lambda/serve/server.hpp,39
lmd-rt,struct,Server,1008,8,18,lambda/serve/server.hpp,64
lmd-rt,struct,StaticHandlerConfig,40,8,7,lambda/serve/static_handler.hpp,28
lmd-rt,struct,SwaggerUIState,8,8,1,lambda/serve/swagger_ui.cpp,56
lmd-rt,struct,TlsUvWriteReq,200,8,2,lambda/serve/tls_handler.cpp,96
lmd-rt,struct,TlsConfig,48,8,7,lambda/serve/tls_handler.hpp,31
lmd-rt,struct,TlsContext,312,8,11,lambda/serve/tls_handler.hpp,47
lmd-rt,struct,TlsConnection,56,8,7,lambda/serve/tls_handler.hpp,74
lmd-rt,struct,UdsConnection,440,8,6,lambda/serve/uds_transport.hpp,24
lmd-rt,struct,UdsServer,328,8,8,lambda/serve/uds_transport.hpp,34
lmd-rt,struct,WorkerTask,192,8,9,lambda/serve/worker_pool.hpp,39
lmd-rt,struct,WorkerPool,56,8,9,lambda/serve/worker_pool.hpp,55
lmd-rt,struct,Suggestion,16,8,2,lambda/validator/suggestions.cpp,111
lmd-rt,struct,TypeDefinition,40,8,4,lambda/validator/validator.hpp,27
lmd-rt,struct,TypeRegistryEntry,24,8,2,lambda/validator/validator.hpp,34
lmd-rt,enum,ValidationErrorCode,4,4,12,lambda/validator/validator.hpp,42
lmd-rt,enum,PathSegmentType,4,4,5,lambda/validator/validator.hpp,58
lmd-rt,struct,PathSegment,32,8,3,lambda/validator/validator.hpp,67
lmd-rt,union,(anonymous),16,8,4,lambda/validator/validator.hpp,69
lmd-rt,struct,ValidationError,64,8,8,lambda/validator/validator.hpp,79
lmd-rt,struct,ValidationWarning,64,8,8,lambda/validator/validator.hpp,91
lmd-rt,struct,ValidationResult,32,8,5,lambda/validator/validator.hpp,103
lmd-rt,struct,ValidationOptions,40,8,10,lambda/validator/validator.hpp,112
lmd-rt,struct,VisitedEntry,24,8,2,lambda/validator/validator.hpp,148
lmd-rt,class,SchemaValidator,104,8,10,lambda/validator/validator.hpp,167
lmd-rt,class,PathScope,16,8,2,lambda/validator/validator_internal.hpp,30
lmd-rt,class,DepthScope,8,8,1,lambda/validator/validator_internal.hpp,121
lmd-rt,struct,CountConstraint,8,4,2,lambda/validator/validator_internal.hpp,299
radiant,enum,CanvasTextAlign,4,4,5,radiant/canvas_2d.cpp,23
radiant,struct,CanvasState,72,8,9,radiant/canvas_2d.cpp,31
radiant,struct,CanvasSavedState,88,8,3,radiant/canvas_2d.cpp,43
radiant,struct,CanvasClip,56,8,3,radiant/canvas_2d.cpp,49
radiant,struct,CanvasEntry,152,8,14,radiant/canvas_2d.cpp,55
radiant,struct,CanvasRegistry,24,8,3,radiant/canvas_2d.cpp,74
radiant,struct,InMemoryBackendState,8,8,1,radiant/clipboard.cpp,120
radiant,struct,CssSourceBuffer,16,8,2,radiant/cmd_layout.cpp,181
radiant,struct,CssSourceScope,16,8,2,radiant/cmd_layout.cpp,191
radiant,struct,ExternalPrefetchUrl,16,8,2,radiant/cmd_layout.cpp,1133
radiant,enum,ExternalPrefetchKind,4,4,2,radiant/cmd_layout.cpp,1165
radiant,struct,InlineStyleTextChunk,16,8,2,radiant/cmd_layout.cpp,1419
radiant,struct,CssCascadeMemorySnapshot,344,8,7,radiant/cmd_layout.cpp,1708
radiant,struct,LayoutFormatRoute,16,8,2,radiant/cmd_layout.cpp,2705
radiant,struct,LayoutTempPathGuard,8,8,1,radiant/cmd_layout.cpp,3036
radiant,struct,LoaderAttributeRoots,8,8,1,radiant/cmd_layout.cpp,3305
radiant,struct,LambdaFocusRestore,456,8,12,radiant/cmd_layout.cpp,4248
radiant,struct,LayoutOptions,33000,8,24,radiant/cmd_layout.cpp,4774
radiant,enum,LayoutOptionKind,4,4,3,radiant/cmd_layout.cpp,4811
radiant,struct,LayoutOption,40,8,5,radiant/cmd_layout.cpp,4817
radiant,struct,LayoutPhaseTiming,528,8,68,radiant/cmd_layout.cpp,4924
radiant,struct,CssAnimationLengthSlot,56,8,7,radiant/css_animation.cpp,654
radiant,struct,CssAnimationColorSlot,16,8,2,radiant/css_animation.cpp,1071
radiant,struct,CssAnimationPropertyEndpoint,56,8,3,radiant/css_animation.cpp,1322
radiant,struct,CssAnimationPropertyPair,112,8,2,radiant/css_animation.cpp,1328
radiant,struct,CssAnimationKeywordOption,8,4,2,radiant/css_animation.cpp,1804
radiant,struct,CssMotionInitialCache,104,8,2,radiant/css_animation.cpp,1861
radiant,struct,CssLayerNode,40,8,5,radiant/css_cascade.cpp,15
radiant,struct,CssLayerRuleRef,24,8,3,radiant/css_cascade.cpp,23
radiant,struct,CssLayerRegistry,224,8,4,radiant/css_cascade.cpp,29
radiant,struct,CssScopeApplyContext,40,8,5,radiant/css_cascade.cpp,194
radiant,struct,CssDisplayKeywordResult,8,2,3,radiant/css_display.cpp,98
radiant,struct,CssDisplayKeywordSpec,10,2,6,radiant/css_display.cpp,104
radiant,struct,CssomFontMathContext,16,8,3,radiant/css_prop_table.cpp,475
radiant,struct,CssPropIndex,3104,8,1,radiant/css_prop_table.cpp,1177
radiant,struct,CssVarStack,40,8,5,radiant/css_variable.cpp,15
radiant,struct,CssVarResolutionScope,8,8,1,radiant/css_variable.cpp,25
radiant,struct,CssSubstitutedTokens,16,8,3,radiant/css_variable.cpp,208
radiant,struct,DisplayListValidationStack,16,4,4,radiant/display_list_storage.cpp,260
radiant,enum,RangeOp,4,4,3,radiant/dom_range.cpp,1416
radiant,struct,ModifyCodepoint,24,8,5,radiant/dom_range.cpp,3206
radiant,struct,DomLineStop,16,8,1,radiant/dom_range.cpp,3847
radiant,struct,DomLineStopList,8200,8,2,radiant/dom_range.cpp,3851
radiant,struct,EditableBoundaryHit,48,8,6,radiant/dom_range_resolver.cpp,469
radiant,struct,VerticalWritingBoundaryHit,24,8,4,radiant/dom_range_resolver.cpp,527
radiant,struct,DomMutationRangeSnapshot,48,8,4,radiant/editing_dom_waist.cpp,88
radiant,struct,DomMutationSelectionSnapshot,192,8,9,radiant/editing_dom_waist.cpp,95
radiant,struct,DomMutationNodeSnapshot,32,8,4,radiant/editing_dom_waist.cpp,111
radiant,struct,DomMutationAttributeSnapshot,16,8,2,radiant/editing_dom_waist.cpp,121
radiant,struct,DomRetainedSelection,40,8,3,radiant/editing_dom_waist.cpp,126
radiant,struct,DomRetainedMutation,136,8,9,radiant/editing_dom_waist.cpp,135
radiant,enum,DomMutationUndoKind,4,4,1,radiant/editing_dom_waist.cpp,147
radiant,struct,DomMutationUndo,32,8,4,radiant/editing_dom_waist.cpp,151
radiant,struct,DomMutationNotification,40,8,5,radiant/editing_dom_waist.cpp,158
radiant,struct,DomMutationTransaction,272,8,13,radiant/editing_dom_waist.cpp,166
radiant,struct,EditingTextControlMetrics,16,4,4,radiant/editing_geometry.cpp,96
radiant,struct,EditingRichTextExtents,32,8,5,radiant/editing_geometry.cpp,385
radiant,struct,CeClass,8,4,4,radiant/editing_host.cpp,20
radiant,struct,InputIntentName,16,8,2,radiant/editing_intent.cpp,102
radiant,struct,TargetRangeJoinContent,16,8,2,radiant/editing_target_range.cpp,223
radiant,struct,DocumentAnimationTick,16,8,6,radiant/event.cpp,649
radiant,struct,EditableMarginTextHit,32,8,6,radiant/event.cpp,991
radiant,class,DomEventPayloadBuilder,8,8,1,radiant/event.cpp,1950
radiant,struct,EventSourcePayloadSeeds,16,8,2,radiant/event.cpp,2073
radiant,struct,RenderOwners,24,8,3,radiant/event.cpp,2592
radiant,struct,EmitHandlerContext,64,8,8,radiant/event.cpp,2614
radiant,struct,AuthorTemplateCascade,1056,8,6,radiant/event.cpp,3076
radiant,struct,TemplateUiAllocationScope,32,8,4,radiant/event.cpp,3103
radiant,struct,EventTargetPath,260,4,2,radiant/event.cpp,3174
radiant,struct,FormImeDispatchContext,384,8,5,radiant/event.cpp,6009
radiant,struct,FrameCommitProfile,64,8,9,radiant/event.cpp,6353
radiant,enum,DomJsStructuralDependency,4,4,3,radiant/event.cpp,6529
radiant,struct,DomJsDirtyBound,32,8,6,radiant/event.cpp,7285
radiant,struct,JsCtxScope,32,8,4,radiant/event.cpp,7661
radiant,struct,JsDispatchScope,72,8,9,radiant/event.cpp,7728
radiant,struct,TemplateEditActionSnapshot,32,8,4,radiant/event.cpp,7789
radiant,struct,EditingTargetRangesScope,32,8,4,radiant/event.cpp,7830
radiant,struct,RadiantTimingEventData,40,8,5,radiant/event.cpp,8239
radiant,struct,NativeEventPayloadScope,24,8,3,radiant/event.cpp,8271
radiant,struct,MouseEventBuildArgs,48,8,11,radiant/event.cpp,8353
radiant,struct,PointerEventBuildArgs,48,8,10,radiant/event.cpp,8411
radiant,struct,TouchEventBuildArgs,48,8,10,radiant/event.cpp,8479
radiant,struct,KeyboardEventBuildArgs,40,8,9,radiant/event.cpp,8531
radiant,struct,InputEventBuildArgs,88,8,9,radiant/event.cpp,8654
radiant,struct,CompositionEventBuildArgs,16,8,2,radiant/event.cpp,8762
radiant,struct,FocusEventBuildArgs,16,8,2,radiant/event.cpp,8796
radiant,struct,SimpleEventBuildArgs,16,8,3,radiant/event.cpp,8822
radiant,struct,WheelEventBuildArgs,56,8,7,radiant/event.cpp,8914
radiant,struct,RadiantFrameRequest,48,8,6,radiant/event.cpp,10218
radiant,struct,RadiantFrameQueue,32,8,5,radiant/event.cpp,10227
radiant,struct,RadiantNavigationRequest,104,8,10,radiant/event.cpp,10869
radiant,struct,RadiantNavigationQueue,24,8,1,radiant/event.cpp,10883
radiant,struct,AsyncScriptNavigation,248,8,15,radiant/event.cpp,11215
radiant,struct,EventTextRun,24,8,5,radiant/event.cpp,11656
radiant,struct,EventDocumentScope,1,1,1,radiant/event.cpp,12078
radiant,enum,RadiantNavigationTargetKind,4,4,2,radiant/event.hpp,36
radiant,struct,BehaviorInitPhaseTiming,56,8,7,radiant/event.hpp,100
radiant,enum,EventType,4,4,17,radiant/event.hpp,117
radiant,struct,Event,16,8,2,radiant/event.hpp,139
radiant,struct,MousePositionEvent,24,8,2,radiant/event.hpp,145
radiant,struct,MouseButtonEvent,32,8,3,radiant/event.hpp,151
radiant,struct,ScrollEvent,32,8,2,radiant/event.hpp,158
radiant,enum,RdtKeyCode,4,4,24,radiant/event.hpp,170
radiant,struct,KeyEvent,32,8,3,radiant/event.hpp,201
radiant,struct,TextInputEvent,24,8,1,radiant/event.hpp,208
radiant,struct,CompositionEvent,32,8,2,radiant/event.hpp,214
radiant,struct,FocusEvent,32,8,2,radiant/event.hpp,220
radiant,union,RdtEvent,32,8,8,radiant/event.hpp,225
radiant,struct,(anonymous),16,8,2,radiant/event.hpp,226
radiant,struct,JsonWriter,40,8,6,radiant/event.hpp,294
radiant,enum,InputIntentType,4,4,52,radiant/event.hpp,459
radiant,struct,InputIntent,128,8,20,radiant/event.hpp,517
radiant,enum,EditingSurfaceKind,4,4,3,radiant/event.hpp,619
radiant,enum,EditingMode,4,4,5,radiant/event.hpp,625
radiant,struct,EditingSurface,32,8,7,radiant/event.hpp,633
radiant,struct,DomBoundary,16,8,2,radiant/event.hpp,700
radiant,struct,DomEditInvocation,168,8,22,radiant/event.hpp,710
radiant,enum,DomBoundaryOrder,4,4,4,radiant/event.hpp,753
radiant,struct,DomRange,168,8,28,radiant/event.hpp,798
radiant,enum,DomRangeCompareHow,4,4,4,radiant/event.hpp,858
radiant,enum,DomStringifyMode,4,4,2,radiant/event.hpp,887
radiant,enum,DomSelectionDirection,4,4,3,radiant/event.hpp,903
radiant,enum,DomSelectionOrigin,4,4,5,radiant/event.hpp,911
radiant,enum,EditingSelectionKind,4,4,3,radiant/event.hpp,919
radiant,struct,EditingSelection,40,8,7,radiant/event.hpp,925
radiant,struct,DomSelection,208,8,11,radiant/event.hpp,937
radiant,enum,DomModGranularity,4,4,3,radiant/event.hpp,1254
radiant,struct,EditingHost,16,8,3,radiant/event.hpp,1277
radiant,enum,Mode,4,4,2,radiant/event.hpp,1282
radiant,struct,EditingTargetRange,32,8,2,radiant/event.hpp,1332
radiant,enum,EditingBoundaryKind,4,4,3,radiant/event.hpp,1353
radiant,enum,EditingClampPolicy,4,4,2,radiant/event.hpp,1359
radiant,enum,EditingPointBehavior,4,4,2,radiant/event.hpp,1364
radiant,struct,EditingBoundary,72,8,5,radiant/event.hpp,1369
radiant,struct,EditingCaretRect,20,4,5,radiant/event.hpp,1377
radiant,struct,EditingControllerHooks,48,8,6,radiant/event.hpp,1516
radiant,struct,EditHistoryEntry,24,8,5,radiant/event.hpp,1899
radiant,struct,EditHistory,16,8,5,radiant/event.hpp,1907
radiant,struct,ClipboardEntry,24,8,3,radiant/event.hpp,2049
radiant,struct,ClipboardItem,16,8,2,radiant/event.hpp,2057
radiant,struct,ClipboardBackend,32,8,4,radiant/event.hpp,2065
radiant,enum,ClipboardPermission,4,4,3,radiant/event.hpp,2111
radiant,struct,ClipboardStore,32,8,5,radiant/event.hpp,2120
radiant,enum,CtxMenuItem,4,4,5,radiant/event.hpp,2168
radiant,enum,ScrollbarPressPart,4,4,7,radiant/event.hpp,2241
radiant,enum,StateUpdateMode,4,4,2,radiant/event.hpp,2286
radiant,enum,DocLifecycleState,4,4,4,radiant/event.hpp,2291
radiant,struct,StateKey,16,8,2,radiant/event.hpp,2301
radiant,struct,StateEntry,48,8,5,radiant/event.hpp,2315
radiant,struct,DirtyRect,32,8,6,radiant/event.hpp,2326
radiant,struct,DirtyTracker,32,8,6,radiant/event.hpp,2335
radiant,enum,ReflowScope,4,4,6,radiant/event.hpp,2347
radiant,struct,ReflowRequest,24,8,4,radiant/event.hpp,2359
radiant,struct,ReflowScheduler,24,8,3,radiant/event.hpp,2369
radiant,enum,ViewStateKind,4,4,4,radiant/event.hpp,2375
radiant,struct,ViewState,104,8,4,radiant/event.hpp,2382
radiant,struct,(anonymous),1,1,5,radiant/event.hpp,2385
radiant,union,(anonymous),88,8,2,radiant/event.hpp,2397
radiant,struct,(anonymous),88,8,24,radiant/event.hpp,2398
radiant,struct,(anonymous),80,8,23,radiant/event.hpp,2421
radiant,struct,ViewStateEntry,32,8,5,radiant/event.hpp,2457
radiant,struct,StateStore,40,8,5,radiant/event.hpp,2467
radiant,enum,EditingBehavior,4,4,4,radiant/event.hpp,2489
radiant,struct,CursorState,24,8,5,radiant/event.hpp,2499
radiant,struct,DragDropState,144,8,21,radiant/event.hpp,2508
radiant,enum,EditingDragMode,4,4,3,radiant/event.hpp,2534
radiant,struct,EditingScrollState,40,8,6,radiant/event.hpp,2540
radiant,struct,EditingCompositionState,88,8,12,radiant/event.hpp,2549
radiant,struct,ModelEditSurfaceBinding,32,8,4,radiant/event.hpp,2569
radiant,struct,EditingInteractionState,280,8,24,radiant/event.hpp,2576
radiant,struct,VisitedLinks,24,8,3,radiant/event.hpp,2620
radiant,struct,DocState,1848,8,98,radiant/event.hpp,2628
radiant,struct,(anonymous),48,8,11,radiant/event.hpp,2805
radiant,struct,(anonymous),24,8,4,radiant/event.hpp,2815
radiant,struct,ScrollInteractionState,20,4,8,radiant/event.hpp,2826
radiant,struct,StateValidationReport,264,4,3,radiant/event.hpp,3858
radiant,enum,FocusTransitionKind,4,4,3,radiant/event.hpp,3864
radiant,struct,FocusTransitionArgs,32,8,5,radiant/event.hpp,3870
radiant,enum,CaretTransitionKind,4,4,1,radiant/event.hpp,3878
radiant,struct,CaretTransitionArgs,16,8,2,radiant/event.hpp,3882
radiant,enum,SelectionTransitionKind,4,4,9,radiant/event.hpp,3887
radiant,struct,SelectionTransitionArgs,16,8,3,radiant/event.hpp,3899
radiant,enum,HoverTransitionKind,4,4,1,radiant/event.hpp,3905
radiant,struct,HoverTransitionArgs,8,8,1,radiant/event.hpp,3909
radiant,enum,ActiveTransitionKind,4,4,1,radiant/event.hpp,3913
radiant,struct,ActiveTransitionArgs,8,8,1,radiant/event.hpp,3917
radiant,enum,DragTransitionKind,4,4,6,radiant/event.hpp,3921
radiant,struct,DragTransitionArgs,136,8,18,radiant/event.hpp,3930
radiant,enum,SmFamily,4,4,15,radiant/event.hpp,4015
radiant,enum,SmViewClass,4,4,11,radiant/event.hpp,4033
radiant,enum,SelectionFsmState,4,4,6,radiant/event.hpp,4047
radiant,enum,ImeFsmState,4,4,3,radiant/event.hpp,4056
radiant,enum,FocusFsmState,4,4,7,radiant/event.hpp,4062
radiant,enum,HoverFsmState,4,4,2,radiant/event.hpp,4072
radiant,enum,ActiveFsmState,4,4,2,radiant/event.hpp,4077
radiant,enum,DragFsmState,4,4,4,radiant/event.hpp,4082
radiant,enum,ScrollFsmState,4,4,3,radiant/event.hpp,4089
radiant,enum,CheckableFsmState,4,4,3,radiant/event.hpp,4095
radiant,enum,SelectFsmState,4,4,2,radiant/event.hpp,4101
radiant,enum,RangeFsmState,4,4,1,radiant/event.hpp,4106
radiant,enum,TextFsmState,4,4,3,radiant/event.hpp,4110
radiant,enum,DropdownFsmState,4,4,2,radiant/event.hpp,4116
radiant,enum,ContextMenuFsmState,4,4,3,radiant/event.hpp,4121
radiant,enum,SmEvent,4,4,60,radiant/event.hpp,4127
radiant,enum,SmGuardId,4,4,1,radiant/event.hpp,4190
radiant,enum,SmInvariantId,4,4,16,radiant/event.hpp,4194
radiant,enum,SmActionFlag,4,4,10,radiant/event.hpp,4213
radiant,struct,StateTransitionRule,64,8,11,radiant/event.hpp,4229
radiant,struct,StateInvariantBinding,24,8,4,radiant/event.hpp,4243
radiant,struct,SmTransitionScope,56,8,9,radiant/event.hpp,4253
radiant,struct,SmTransitionGuard,56,8,1,radiant/event.hpp,4280
radiant,struct,SourcePathC,16,8,2,radiant/event.hpp,4354
radiant,enum,SourcePosKind,4,4,2,radiant/event.hpp,4369
radiant,struct,SourcePosC,24,8,3,radiant/event.hpp,4374
radiant,struct,EventContext,328,8,34,radiant/event.hpp,4508
radiant,struct,SimBoolExpectation,16,8,4,radiant/event_sim.cpp,132
radiant,struct,SimFloatExpectation,24,8,4,radiant/event_sim.cpp,150
radiant,struct,SimIntExpectation,24,8,4,radiant/event_sim.cpp,169
radiant,struct,SimStringExpectation,32,8,4,radiant/event_sim.cpp,191
radiant,struct,EventSimStateStoreSnapshot,24,8,6,radiant/event_sim.cpp,371
radiant,struct,SimTextDescendantSearch,16,8,2,radiant/event_sim.cpp,576
radiant,struct,SimSelectorCtx,40,8,6,radiant/event_sim.cpp,645
radiant,struct,SimEventBoolField,24,8,3,radiant/event_sim.cpp,1103
radiant,struct,SimEventFloatField,24,8,3,radiant/event_sim.cpp,1109
radiant,enum,SimEventType,4,4,77,radiant/event_sim.hpp,89
radiant,struct,SimEvent,800,8,200,radiant/event_sim.hpp,180
radiant,struct,EventSimContext,400,8,41,radiant/event_sim.hpp,400
radiant,struct,EventStateLog,632,8,10,radiant/event_state_log.cpp,200
radiant,struct,RadiantFrameClockPlatform,64,8,9,radiant/frame_clock.cpp,29
radiant,struct,GlyphColorSample,4,1,4,radiant/glyph_sampling.hpp,7
radiant,class,CellOccupancyMatrix,48,8,6,radiant/grid_occupancy.hpp,43
radiant,struct,GridCursor,4,2,2,radiant/grid_placement.hpp,41
radiant,enum,GridAutoFlow,4,4,4,radiant/grid_placement.hpp,47
radiant,struct,GridPlacement,10,2,6,radiant/grid_placement.hpp,77
radiant,struct,GridItemInfo,32,4,5,radiant/grid_placement.hpp,199
radiant,struct,ItemInfoArray,8208,8,3,radiant/grid_placement.hpp,216
radiant,struct,GridContentDistribution,8,4,2,radiant/grid_positioning.cpp,84
radiant,enum,IntrinsicContributionType,4,4,2,radiant/grid_sizing_algorithm.hpp,50
radiant,struct,GridItemContribution,48,8,8,radiant/grid_sizing_algorithm.hpp,122
radiant,struct,ContribArray,12304,8,3,radiant/grid_sizing_algorithm.hpp,136
radiant,enum,SizingFunctionType,1,1,8,radiant/grid_track.hpp,42
radiant,struct,TrackSizingFunctionValue,8,4,2,radiant/grid_track.hpp,55
radiant,struct,MinTrackSizingFunction,8,4,0,radiant/grid_track.hpp,87
radiant,struct,MaxTrackSizingFunction,8,4,0,radiant/grid_track.hpp,124
radiant,struct,TrackSizingFunction,16,4,2,radiant/grid_track.hpp,197
radiant,enum,GridTrackKind,1,1,2,radiant/grid_track.hpp,241
radiant,struct,EnhancedGridTrack,52,4,12,radiant/grid_track.hpp,254
radiant,struct,TrackArray,3344,8,3,radiant/grid_track.hpp,410
radiant,struct,IndexArray,528,8,3,radiant/grid_track.hpp,469
radiant,struct,ImageSlot,16,8,3,radiant/image_surface_generation.cpp,26
radiant,struct,IntrinsicProfileScope,48,8,6,radiant/intrinsic_sizing.cpp,50
radiant,enum,IntrinsicZeroWidthChar,4,4,5,radiant/intrinsic_sizing.cpp,339
radiant,struct,IntrinsicHorizontalBoxEdges,16,4,4,radiant/intrinsic_sizing.cpp,822
radiant,struct,IntrinsicMulticolChild,24,8,4,radiant/intrinsic_sizing.cpp,1028
radiant,class,LayoutDocumentActivity,1,1,1,radiant/layout.cpp,5279
radiant,struct,InitialLetterInfo,12,4,3,radiant/layout.hpp,31
radiant,struct,InitialLetterBoxInsets,16,4,1,radiant/layout.hpp,37
radiant,union,(anonymous),16,4,2,radiant/layout.hpp,38
radiant,struct,(anonymous),16,4,4,radiant/layout.hpp,39
radiant,struct,LayoutTextRectBounds,20,4,5,radiant/layout.hpp,49
radiant,enum,AvailableSizeType,4,4,4,radiant/layout.hpp,129
radiant,struct,AvailableSize,8,4,2,radiant/layout.hpp,136
radiant,struct,AvailableSpace,16,4,2,radiant/layout.hpp,188
radiant,struct,TextIntrinsicWidths,8,4,2,radiant/layout.hpp,253
radiant,struct,LayoutSimpleLatinRun,24,8,4,radiant/layout.hpp,260
radiant,struct,LayoutBidiRun,24,8,4,radiant/layout.hpp,267
radiant,struct,IntrinsicFontScope,40,8,4,radiant/layout.hpp,293
radiant,struct,LayoutIntrinsicMarginOptions,5,1,5,radiant/layout.hpp,403
radiant,struct,LayoutIntrinsicMarginPair,12,4,3,radiant/layout.hpp,411
radiant,struct,IntrinsicSizesBidirectional,16,4,4,radiant/layout.hpp,429
radiant,struct,CellIntrinsicWidths,8,4,2,radiant/layout.hpp,448
radiant,struct,IntrinsicSize,28,4,7,radiant/layout.hpp,453
radiant,struct,ReplacedIntrinsicFacts,24,4,9,radiant/layout.hpp,463
radiant,struct,ReplacedSizeConstraints,40,4,10,radiant/layout.hpp,475
radiant,struct,ReplacedSvgIntrinsicSize,8,4,2,radiant/layout.hpp,488
radiant,struct,SelectIntrinsicMeasure,16,4,4,radiant/layout.hpp,538
radiant,enum,RunMode,1,1,3,radiant/layout.hpp,580
radiant,enum,SizingMode,1,1,2,radiant/layout.hpp,586
radiant,struct,KnownDimensions,12,4,4,radiant/layout.hpp,602
radiant,struct,SizeF,8,4,2,radiant/layout.hpp,613
radiant,struct,CacheEntry,40,4,4,radiant/layout.hpp,626
radiant,struct,LayoutCache,456,4,8,radiant/layout.hpp,633
radiant,struct,BoxEdges,16,4,1,radiant/layout.hpp,775
radiant,union,(anonymous),16,4,2,radiant/layout.hpp,776
radiant,struct,(anonymous),16,4,4,radiant/layout.hpp,777
radiant,struct,BoxMetrics,80,4,11,radiant/layout.hpp,869
radiant,struct,LayoutContentBox,16,4,4,radiant/layout.hpp,883
radiant,struct,CssQuadValues,32,8,1,radiant/layout.hpp,1022
radiant,struct,CssCascadeCandidate,24,8,3,radiant/layout.hpp,1041
radiant,struct,LayoutCssBoxCandidates,96,8,1,radiant/layout.hpp,1072
radiant,struct,LayoutContainingBlock,64,8,15,radiant/layout.hpp,1200
radiant,struct,CounterValue,16,8,4,radiant/layout.hpp,1248
radiant,struct,CounterScope,24,8,6,radiant/layout.hpp,1255
radiant,struct,CounterFrame,16,8,2,radiant/layout.hpp,1264
radiant,struct,CounterContext,32,8,4,radiant/layout.hpp,1269
radiant,struct,CounterSnapshotEntry,16,8,2,radiant/layout.hpp,1296
radiant,struct,CounterSnapshot,16,8,2,radiant/layout.hpp,1297
radiant,enum,LayoutDebugCategory,4,4,10,radiant/layout.hpp,1312
radiant,struct,LayoutDebugState,8,4,2,radiant/layout.hpp,1325
radiant,enum,LayoutProfileBucket,1,1,10,radiant/layout.hpp,1330
radiant,struct,LayoutProfileNode,24,8,3,radiant/layout.hpp,1343
radiant,struct,LayoutProfiler,344,8,20,radiant/layout.hpp,1349
radiant,struct,LayoutProfileScope,32,8,4,radiant/layout.hpp,1395
radiant,struct,SpaceDistribution,12,4,3,radiant/layout.hpp,1412
radiant,struct,TableMetadata,160,8,23,radiant/layout.hpp,1572
radiant,struct,LayoutTableAxis,12,4,3,radiant/layout.hpp,1608
radiant,struct,RadiantVelmtBox,16,4,4,radiant/layout.hpp,1659
radiant,struct,RadiantVelmt,88,8,7,radiant/layout.hpp,1670
radiant,struct,CustomLayoutContext,96,8,17,radiant/layout.hpp,1681
radiant,struct,CustomLayoutPlacement,20,4,5,radiant/layout.hpp,1702
radiant,struct,CustomLayoutPaintLayer,16,8,3,radiant/layout.hpp,1711
radiant,struct,CustomLayoutPaintState,16,8,2,radiant/layout.hpp,1718
radiant,struct,CustomLayoutResult,32,8,9,radiant/layout.hpp,1724
radiant,struct,LayoutListCounterQuery,32,8,4,radiant/layout.hpp,1756
radiant,struct,MulticolFlowItem,48,8,16,radiant/layout.hpp,1778
radiant,struct,ColumnState,24,4,6,radiant/layout.hpp,1801
radiant,struct,ColumnFragment,32,4,8,radiant/layout.hpp,1811
radiant,struct,MulticolGroupScratch,120,8,11,radiant/layout.hpp,1825
radiant,struct,MulticolFlowScratch,56,8,3,radiant/layout.hpp,1885
radiant,struct,ColumnGroup,56,8,13,radiant/layout.hpp,1911
radiant,struct,FragmentedFlowCursor,56,8,6,radiant/layout.hpp,1928
radiant,struct,MulticolFragmentPlacement,24,4,6,radiant/layout.hpp,1940
radiant,struct,FloatBox,56,8,12,radiant/layout.hpp,1970
radiant,struct,InitialLetterBox,40,8,8,radiant/layout.hpp,1984
radiant,struct,FloatAvailableSpace,12,4,4,radiant/layout.hpp,1995
radiant,struct,BlockContext,328,8,75,radiant/layout.hpp,2002
radiant,enum,BreakKind,4,4,19,radiant/layout.hpp,2096
radiant,struct,LineMetricsSnapshot,96,4,32,radiant/layout.hpp,2126
radiant,struct,Linebox,560,8,86,radiant/layout.hpp,2162
radiant,enum,LineFillStatus,4,4,3,radiant/layout.hpp,2279
radiant,enum,FlexDirection,4,4,4,radiant/layout.hpp,2286
radiant,enum,FlexWrap,4,4,3,radiant/layout.hpp,2293
radiant,enum,JustifyContent,4,4,6,radiant/layout.hpp,2299
radiant,struct,LayoutFlexStyleInfo,12,4,4,radiant/layout.hpp,2308
radiant,struct,FlexLineInfo,32,8,6,radiant/layout.hpp,2370
radiant,struct,FlexResolvedAxis,24,4,7,radiant/layout.hpp,2380
radiant,struct,FlexContainerLayout,168,8,15,radiant/layout.hpp,2390
radiant,enum,LayoutTextRunMode,4,4,3,radiant/layout.hpp,2438
radiant,struct,LayoutTextRun,16,8,2,radiant/layout.hpp,2444
radiant,enum,LayoutAxis,4,4,2,radiant/layout.hpp,2457
radiant,struct,LayoutAxisIterator,4,4,1,radiant/layout.hpp,2487
radiant,struct,LayoutAxisRange,1,1,0,radiant/layout.hpp,2497
radiant,struct,LayoutAxisRefs,200,8,17,radiant/layout.hpp,2531
radiant,struct,AxisInsets,48,8,2,radiant/layout.hpp,2532
radiant,struct,AxisMargins,32,8,4,radiant/layout.hpp,2537
radiant,struct,LayoutVerticalFlowChild,16,8,5,radiant/layout.hpp,2706
radiant,struct,LayoutAxisBoxMetrics,12,4,3,radiant/layout.hpp,2753
radiant,struct,FlexAxes,8,4,2,radiant/layout.hpp,2926
radiant,struct,FlexLineCrossExtents,8,4,2,radiant/layout.hpp,2961
radiant,struct,FlexLayoutScope,24,8,3,radiant/layout.hpp,2993
radiant,struct,MeasurementCacheEntry,32,8,7,radiant/layout.hpp,3032
radiant,enum,CellOccupancyState,1,1,3,radiant/layout.hpp,3079
radiant,struct,OriginZeroLine,2,2,1,radiant/layout.hpp,3085
radiant,struct,GridLine,2,2,1,radiant/layout.hpp,3116
radiant,struct,LineSpan,4,2,2,radiant/layout.hpp,3125
radiant,struct,TrackCounts,6,2,3,radiant/layout.hpp,3138
radiant,enum,AbsoluteAxis,1,1,2,radiant/layout.hpp,3177
radiant,enum,GridTrackSizeType,4,4,9,radiant/layout.hpp,3193
radiant,struct,GridTrackSize,56,8,11,radiant/layout.hpp,3205
radiant,struct,GridTrackList,40,8,7,radiant/layout.hpp,3219
radiant,struct,GridArea,24,8,5,radiant/layout.hpp,3229
radiant,struct,GridLineName,16,8,3,radiant/layout.hpp,3237
radiant,struct,GridContainerLayout,392,8,29,radiant/layout.hpp,3243
radiant,struct,GridLayoutScope,24,8,3,radiant/layout.hpp,3283
radiant,struct,LayoutContext,1520,8,40,radiant/layout.hpp,3331
radiant,enum,LayoutTextRectContentKind,4,4,3,radiant/layout.hpp,3534
radiant,struct,TableCellInsets,32,4,2,radiant/layout.hpp,3610
radiant,struct,TableCellContentExtent,36,4,9,radiant/layout.hpp,3615
radiant,enum,AbsStaticContextKind,4,4,3,radiant/layout.hpp,3660
radiant,struct,AbsChildLayoutState,1000,8,12,radiant/layout.hpp,3668
radiant,struct,AbsStaticContext,112,8,7,radiant/layout.hpp,3688
radiant,struct,LayoutRunModeScope,16,8,2,radiant/layout.hpp,3703
radiant,struct,LayoutMeasureScope,992,8,10,radiant/layout.hpp,3714
radiant,struct,BlockContextOffset,8,4,2,radiant/layout.hpp,3847
radiant,struct,LayoutFontSizeResult,8,4,2,radiant/layout.hpp,3944
radiant,struct,LayoutFlattenedItemPolicy,24,8,4,radiant/layout.hpp,4097
radiant,struct,LayoutLogicalSides,6,1,6,radiant/layout.hpp,4165
radiant,struct,LayoutLogicalProperty,4,1,4,radiant/layout.hpp,4174
radiant,struct,LayoutPhysicalSides,3,1,3,radiant/layout.hpp,4286
radiant,struct,LayoutShadowValue,24,4,6,radiant/layout.hpp,4314
radiant,struct,TypoMetrics,16,4,5,radiant/layout.hpp,4562
radiant,struct,LayoutBorderSpacingValue,12,4,4,radiant/layout.hpp,4583
radiant,struct,BlockContextScope,336,8,2,radiant/layout.hpp,4862
radiant,struct,LayoutContainingBlockScope,352,8,4,radiant/layout.hpp,4882
radiant,struct,LayoutContextScope,920,8,7,radiant/layout.hpp,4930
radiant,struct,IntrinsicMeasureScope,24,8,3,radiant/layout.hpp,4957
radiant,struct,LayoutViewScope,24,8,3,radiant/layout.hpp,4977
radiant,struct,LayoutFontScope,24,8,2,radiant/layout.hpp,4995
radiant,struct,LayoutPassScope,16,8,2,radiant/layout.hpp,5015
radiant,struct,NodeOf,1,1,0,radiant/layout.hpp,5059
radiant,struct,NodeOf,1,1,0,radiant/layout.hpp,5060
radiant,struct,NodeOf,1,1,0,radiant/layout.hpp,5061
radiant,struct,NodeOf,1,1,0,radiant/layout.hpp,5062
radiant,struct,NodeOf,1,1,0,radiant/layout.hpp,5063
radiant,struct,NodeOf,1,1,0,radiant/layout.hpp,5064
radiant,struct,NodeOf,1,1,0,radiant/layout.hpp,5065
radiant,struct,NodeOf,1,1,0,radiant/layout.hpp,5066
radiant,struct,NodeOf,1,1,0,radiant/layout.hpp,5067
radiant,struct,NodeOf,1,1,0,radiant/layout.hpp,5068
radiant,struct,NodeOf,1,1,0,radiant/layout.hpp,5069
radiant,struct,NodeOf,1,1,0,radiant/layout.hpp,5070
radiant,struct,NodeOf,1,1,0,radiant/layout.hpp,5071
radiant,struct,NodeOf,1,1,0,radiant/layout.hpp,5072
radiant,struct,NodeOf,1,1,0,radiant/layout.hpp,5073
radiant,struct,NodeOf,1,1,0,radiant/layout.hpp,5074
radiant,struct,NodeOf,1,1,0,radiant/layout.hpp,5075
radiant,struct,NodeOf,1,1,0,radiant/layout.hpp,5076
radiant,struct,NodeOf,1,1,0,radiant/layout.hpp,5077
radiant,struct,NodeOf,1,1,0,radiant/layout.hpp,5078
radiant,struct,NodeOf,1,1,0,radiant/layout.hpp,5079
radiant,struct,NodeOf,1,1,0,radiant/layout.hpp,5080
radiant,struct,NodeOf,1,1,0,radiant/layout.hpp,5081
radiant,struct,NodeOf,1,1,0,radiant/layout.hpp,5082
radiant,struct,NodeOf,1,1,0,radiant/layout.hpp,5083
radiant,struct,NodeOf,1,1,0,radiant/layout.hpp,5084
radiant,struct,NodeOf,1,1,0,radiant/layout.hpp,5085
radiant,struct,NodeOf,1,1,0,radiant/layout.hpp,5086
radiant,struct,NodeOf,1,1,0,radiant/layout.hpp,5087
radiant,struct,NodeOf,1,1,0,radiant/layout.hpp,5088
radiant,struct,NodeOf,1,1,0,radiant/layout.hpp,5089
radiant,struct,NodeOf,1,1,0,radiant/layout.hpp,5090
radiant,struct,NodeOf,1,1,0,radiant/layout.hpp,5091
radiant,struct,NodeOf,1,1,0,radiant/layout.hpp,5092
radiant,struct,NodeOf,1,1,0,radiant/layout.hpp,5093
radiant,struct,NodeOf,1,1,0,radiant/layout.hpp,5094
radiant,struct,NodeOf,1,1,0,radiant/layout.hpp,5095
radiant,struct,NodeOf,1,1,0,radiant/layout.hpp,5096
radiant,struct,NodeOf,1,1,0,radiant/layout.hpp,5097
radiant,struct,NodeOf,1,1,0,radiant/layout.hpp,5098
radiant,struct,NodeOf,1,1,0,radiant/layout.hpp,5099
radiant,struct,NodeOf,1,1,0,radiant/layout.hpp,5100
radiant,struct,BidiCharFragment,64,8,13,radiant/layout_bidi.cpp,20
radiant,struct,BidiRectInfo,48,8,9,radiant/layout_bidi.cpp,36
radiant,struct,BidiSpanInfo,40,8,8,radiant/layout_bidi.cpp,48
radiant,struct,BidiLineCounts,24,4,9,radiant/layout_bidi.cpp,59
radiant,struct,CssContentImage,16,8,2,radiant/layout_block.cpp,67
radiant,struct,ObjectViewBoxUsedRect,20,4,5,radiant/layout_block.cpp,183
radiant,struct,ContainIntrinsicUsedAxes,2,1,2,radiant/layout_block.cpp,286
radiant,struct,InFlowBlockEdge,16,8,2,radiant/layout_block.cpp,1830
radiant,enum,FormattedLineContent,4,4,3,radiant/layout_block.cpp,1950
radiant,enum,TextRectShiftMode,4,4,3,radiant/layout_block.cpp,2073
radiant,struct,InlineSpanRecomputeSummary,3,1,3,radiant/layout_block.cpp,2439
radiant,struct,DeferredInlineLineRun,28,4,7,radiant/layout_block.cpp,2501
radiant,struct,DeferredInlineFloatExclusion,20,4,5,radiant/layout_block.cpp,2511
radiant,struct,BlockFloatFitResult,12,4,3,radiant/layout_block.cpp,7349
radiant,struct,ParsedCounterSpec,24,8,3,radiant/layout_counters.cpp,296
radiant,struct,CustomLayoutRegistryEntry,72,8,2,radiant/layout_custom.cpp,16
radiant,struct,CustomLayoutUnknownLogEntry,72,8,2,radiant/layout_custom.cpp,21
radiant,struct,FlexLineBaselineMetrics,16,4,4,radiant/layout_flex.cpp,137
radiant,struct,FlexLengthScratch,12,4,3,radiant/layout_flex.cpp,3123
radiant,struct,FlexIterationScratch,8,4,3,radiant/layout_flex.cpp,3129
radiant,struct,FlexChildExplicitSizes,12,4,4,radiant/layout_flex_measurement.cpp,229
radiant,struct,FlexIntrinsicAccumulator,32,4,8,radiant/layout_flex_measurement.cpp,236
radiant,struct,LayoutContentBoundsCacheEntry,24,8,5,radiant/layout_flex_multipass.cpp,230
radiant,struct,GridNodeScratch,64,8,3,radiant/layout_grid_multipass.cpp,36
radiant,struct,InlineOutOfFlowKind,2,1,2,radiant/layout_inline.cpp,44
radiant,struct,MulticolFragmentGrid,12,4,3,radiant/layout_multicol.cpp,168
radiant,struct,InlineFragmentItem,48,8,11,radiant/layout_multicol.cpp,204
radiant,struct,MulticolGridRowData,9220,4,4,radiant/layout_multicol.cpp,247
radiant,struct,MulticolNestedHorizontalSequence,40,4,12,radiant/layout_multicol.cpp,376
radiant,struct,MulticolOutOfFlowBox,16,8,3,radiant/layout_multicol.cpp,657
radiant,struct,MulticolMonolithicChildFlow,16,4,4,radiant/layout_multicol.cpp,2391
radiant,struct,MulticolInlineCbAbsChildFlags,2,1,2,radiant/layout_multicol.cpp,5995
radiant,struct,DirectInlineFlowEnd,12,4,3,radiant/layout_multicol.cpp,7589
radiant,struct,MulticolMixedInlineRecord,48,8,8,radiant/layout_multicol.cpp,7595
radiant,struct,MulticolMixedInlineLine,8,4,2,radiant/layout_multicol.cpp,7633
radiant,struct,MulticolMixedFlowItem,64,8,5,radiant/layout_multicol.cpp,7638
radiant,enum,PagedFlowKind,1,1,2,radiant/layout_paged.cpp,17
radiant,enum,PagedRegionKind,1,1,4,radiant/layout_paged.cpp,18
radiant,struct,PagedFlowNode,160,8,13,radiant/layout_paged.cpp,21
radiant,struct,PagedSourceRecord,32,8,3,radiant/layout_paged.cpp,35
radiant,enum,PagedPaintKind,1,1,2,radiant/layout_paged.cpp,36
radiant,struct,PagedPaint,32,8,3,radiant/layout_paged.cpp,37
radiant,struct,PagedImagePaint,160,8,5,radiant/layout_paged.cpp,42
radiant,struct,PagedTextPaint,224,8,4,radiant/layout_paged.cpp,49
radiant,struct,PagedRunningRecord,16,8,1,radiant/layout_paged.cpp,55
radiant,struct,PagedMarkSource,40,8,5,radiant/layout_paged.cpp,56
radiant,struct,PagedTargetValue,56,8,5,radiant/layout_paged.cpp,63
radiant,struct,PagedReferenceSession,128,8,5,radiant/layout_paged.cpp,70
radiant,enum,PagedRegionPartKind,1,1,3,radiant/layout_paged.cpp,81
radiant,struct,PagedRegionPart,16,8,2,radiant/layout_paged.cpp,82
radiant,struct,PagedRegionRecord,200,8,8,radiant/layout_paged.cpp,83
radiant,struct,PagedRegionLine,112,8,6,radiant/layout_paged.cpp,92
radiant,struct,PagedRegionPaint,32,8,3,radiant/layout_paged.cpp,98
radiant,struct,PagedComposition,496,8,19,radiant/layout_paged.cpp,103
radiant,struct,PagedBoxEdges,456,8,4,radiant/layout_paged.cpp,121
radiant,struct,PagedFrame,512,8,11,radiant/layout_paged.cpp,126
radiant,struct,PagedRegionState,96,8,4,radiant/layout_paged.cpp,134
radiant,struct,PagedRegionTrial,240,8,2,radiant/layout_paged.cpp,139
radiant,struct,PagedComposer,1488,8,19,radiant/layout_paged.cpp,143
radiant,struct,PagedCheckpoint,1944,8,11,radiant/layout_paged.cpp,166
radiant,struct,PagedCounterScope,16,8,4,radiant/layout_paged.cpp,338
radiant,struct,PagedImageMeasure,480,8,4,radiant/layout_paged.cpp,1153
radiant,struct,PagedContentBinding,56,8,7,radiant/layout_paged.cpp,1370
radiant,struct,PagedLineMeasurement,24,8,3,radiant/layout_paged.cpp,1747
radiant,struct,PagedNoteArea,488,8,5,radiant/layout_paged.cpp,2047
radiant,enum,PagedFlowStepKind,1,1,4,radiant/layout_paged.cpp,2480
radiant,struct,PagedFlowStep,16,8,2,radiant/layout_paged.cpp,2481
radiant,enum,PagedRelaxation,4,4,2,radiant/layout_paged.cpp,2482
radiant,struct,PagedPageProvider,2208,8,17,radiant/layout_paged.cpp,2484
radiant,struct,PagedMarginIntrinsic,12,4,3,radiant/layout_paged.cpp,2789
radiant,struct,PagedLayoutOptions,40,8,8,radiant/layout_paged.hpp,6
radiant,struct,PagedLayoutDiagnostic,56,8,7,radiant/layout_paged.hpp,14
radiant,struct,LayoutViewSnapshot,80,8,22,radiant/layout_pass.cpp,9
radiant,struct,PositionedSelfAlignment,6,2,4,radiant/layout_positioned.cpp,793
radiant,enum,TableCellContentLayoutPass,4,4,3,radiant/layout_table.cpp,215
radiant,struct,ColspanWidthContribution,32,8,7,radiant/layout_table.cpp,2564
radiant,struct,TableCollapsedBorderLookup,40,8,6,radiant/layout_table.cpp,2998
radiant,enum,TableDisplayContentsScan,4,4,4,radiant/layout_table.cpp,4025
radiant,enum,TableAnonymousRunKind,4,4,3,radiant/layout_table.cpp,4290
radiant,struct,TableOrderedRowElements,32,8,4,radiant/layout_table.cpp,4807
radiant,struct,TableHeightSectionSummary,16,4,4,radiant/layout_table.cpp,4914
radiant,struct,TableCaptionCollection,48,8,7,radiant/layout_table.cpp,5004
radiant,enum,TableCaptionWidthChangeReference,4,4,2,radiant/layout_table.cpp,5051
radiant,struct,SimpleCaseMapping,8,4,2,radiant/layout_text.cpp,37
radiant,struct,FullCaseMapping,20,4,3,radiant/layout_text.cpp,130
radiant,struct,NetworkSelectorWalk,24,8,3,radiant/network_integration.cpp,135
radiant,struct,CssResourcePrefetchContext,16,8,2,radiant/network_integration.cpp,351
radiant,struct,PaintIrValidationStack,24,4,6,radiant/paint_ir.cpp,190
radiant,struct,PaintOpDescriptor,16,8,2,radiant/paint_ir.cpp,199
radiant,struct,PaintIrRasterEffectFrame,96,8,1,radiant/paint_ir.cpp,1049
radiant,struct,PaintSvgPathContext,16,8,2,radiant/paint_ir.cpp,1583
radiant,struct,HistoryEntry,24,8,3,radiant/radiant.hpp,56
radiant,struct,BrowsingSession,64,8,9,radiant/radiant.hpp,62
radiant,enum,RadiantFrameClockMode,4,4,5,radiant/radiant.hpp,119
radiant,struct,RadiantFrameClock,72,8,10,radiant/radiant.hpp,130
radiant,struct,DocumentScriptPhaseTiming,208,8,26,radiant/radiant.hpp,167
radiant,enum,WebViewMode,4,4,2,radiant/radiant.hpp,226
radiant,struct,WebViewProp,88,8,16,radiant/radiant.hpp,236
radiant,struct,RdtVectorImpl,56,8,10,radiant/rdt_vector_tvg.cpp,30
radiant,struct,RdtPath,16,8,3,radiant/rdt_vector_tvg.cpp,44
radiant,enum,Cmd,4,4,6,radiant/rdt_vector_tvg.cpp,46
radiant,struct,Entry,36,4,2,radiant/rdt_vector_tvg.cpp,47
radiant,struct,RdtPicture,120,8,14,radiant/rdt_vector_tvg.cpp,56
radiant,enum,Kind,4,4,2,radiant/rdt_vector_tvg.cpp,67
radiant,struct,RdtPictureCacheEntry,56,8,7,radiant/rdt_vector_tvg.cpp,102
radiant,enum,RdtPaintCacheKind,4,4,4,radiant/rdt_vector_tvg.cpp,118
radiant,struct,RdtPaintCacheEntry,208,8,19,radiant/rdt_vector_tvg.cpp,125
radiant,struct,RdtImagePaintCacheEntry,40,8,7,radiant/rdt_vector_tvg.cpp,152
radiant,struct,RdtVectorCacheOwner,16,8,2,radiant/rdt_vector_tvg.cpp,167
radiant,struct,PictureCacheEvictionCandidate,64,8,2,radiant/rdt_vector_tvg.cpp,385
radiant,struct,ClipEntry,48,8,3,radiant/rdt_vector_tvg.cpp,1782
radiant,enum,RdtVideoState,4,4,7,radiant/rdt_video.h,28
radiant,struct,RdtVideoFrame,32,8,5,radiant/rdt_video.h,38
radiant,struct,RdtVideoCallbacks,32,8,4,radiant/rdt_video.h,46
radiant,struct,RdtVideo,4,4,1,radiant/rdt_video_stub.cpp,10
radiant,struct,RadiantGradientLine,16,4,4,radiant/render.hpp,38
radiant,enum,RdtStrokeCap,4,4,3,radiant/render.hpp,109
radiant,enum,RdtStrokeJoin,4,4,3,radiant/render.hpp,115
radiant,enum,RdtFillRule,4,4,2,radiant/render.hpp,121
radiant,enum,RdtPathCommand,4,4,7,radiant/render.hpp,126
radiant,struct,RdtGradientStop,8,4,5,radiant/render.hpp,139
radiant,enum,RdtGradientSpread,4,4,3,radiant/render.hpp,144
radiant,struct,RdtGradientOptions,56,8,12,radiant/render.hpp,151
radiant,struct,RdtVector,8,8,1,radiant/render.hpp,183
radiant,struct,RdtVectorTarget,32,8,6,radiant/render.hpp,187
radiant,enum,RdtVectorBackend,4,4,3,radiant/render.hpp,196
radiant,struct,RdtVectorCaps,40,8,19,radiant/render.hpp,202
radiant,struct,RdtPathMetricSegment,32,8,7,radiant/render.hpp,297
radiant,struct,RdtPathMetrics,40,8,6,radiant/render.hpp,301
radiant,enum,SvgLengthAxis,4,4,3,radiant/render.hpp,329
radiant,struct,SvgLengthContext,56,8,6,radiant/render.hpp,330
radiant,struct,SvgBasicShapeGeometry,16,4,4,radiant/render.hpp,343
radiant,struct,SvgViewBox,20,4,5,radiant/render.hpp,344
radiant,struct,SvgDomStyleScope,40,8,6,radiant/render.hpp,363
radiant,struct,SvgClipHitQuery,24,8,3,radiant/render.hpp,374
radiant,struct,SvgTextMetrics,16,4,4,radiant/render.hpp,392
radiant,enum,(anonymous),4,4,5,radiant/render.hpp,547
radiant,enum,DisplayOwnedPayloadKind,4,4,3,radiant/render.hpp,555
radiant,enum,DisplayOp,4,4,26,radiant/render.hpp,589
radiant,enum,(anonymous),4,4,1,radiant/render.hpp,594
radiant,struct,DlFillRect,20,4,5,radiant/render.hpp,600
radiant,struct,DlFillRoundedRect,28,4,7,radiant/render.hpp,605
radiant,struct,DlFillPath,56,8,5,radiant/render.hpp,611
radiant,struct,DlStrokePath,88,8,11,radiant/render.hpp,619
radiant,struct,DlFillLinearGradient,176,8,13,radiant/render.hpp,633
radiant,struct,DlFillRadialGradient,176,8,12,radiant/render.hpp,646
radiant,struct,DlDrawImage,112,8,18,radiant/render.hpp,659
radiant,struct,DlDrawGlyph,120,8,9,radiant/render.hpp,678
radiant,struct,DlDrawPicture,48,8,4,radiant/render.hpp,689
radiant,struct,DlPushClip,48,8,3,radiant/render.hpp,696
radiant,struct,DlClipShapeStack,776,8,6,radiant/render.hpp,702
radiant,struct,DlFillSurfaceRect,816,8,7,radiant/render.hpp,712
radiant,struct,DlBlitSurfaceScaled,840,8,11,radiant/render.hpp,720
radiant,struct,DlCompositeOpacity,24,4,6,radiant/render.hpp,733
radiant,struct,DlSaveBackdrop,16,4,4,radiant/render.hpp,741
radiant,struct,DlApplyBlendMode,20,4,5,radiant/render.hpp,746
radiant,struct,DlApplyFilter,40,8,6,radiant/render.hpp,752
radiant,struct,DlBoxBlurRegion,180,4,12,radiant/render.hpp,759
radiant,struct,DlBoxBlurInset,28,4,7,radiant/render.hpp,772
radiant,struct,DlShadowClipSave,16,4,4,radiant/render.hpp,782
radiant,struct,DlShadowClipRestore,96,4,7,radiant/render.hpp,789
radiant,struct,DlOuterShadow,192,4,14,radiant/render.hpp,801
radiant,struct,DlVideoPlaceholder,56,8,8,radiant/render.hpp,814
radiant,struct,DlWebviewLayerPlaceholder,56,8,8,radiant/render.hpp,823
radiant,struct,RenderSemanticAttribute,16,8,2,radiant/render.hpp,833
radiant,struct,RenderSemanticGroup,24,8,3,radiant/render.hpp,838
radiant,struct,DlElementMarker,48,8,7,radiant/render.hpp,844
radiant,struct,DisplayItem,864,8,3,radiant/render.hpp,855
radiant,union,(anonymous),840,8,24,radiant/render.hpp,859
radiant,struct,DisplayList,104,8,1,radiant/render.hpp,891
radiant,struct,DisplayListValidationResult,32,8,7,radiant/render.hpp,903
radiant,struct,DisplayOpDescriptor,24,8,4,radiant/render.hpp,913
radiant,struct,OffscreenRenderArenas,24,8,3,radiant/render.hpp,936
radiant,struct,DlResolvedImage,40,8,7,radiant/render.hpp,1001
radiant,enum,RenderExportTargetKind,4,4,2,radiant/render.hpp,1117
radiant,struct,RenderExportTargetCaps,32,8,15,radiant/render.hpp,1122
radiant,enum,PaintOpFlags,4,4,8,radiant/render.hpp,1229
radiant,enum,PaintOp,4,4,34,radiant/render.hpp,1276
radiant,struct,PaintFillRect,20,4,5,radiant/render.hpp,1287
radiant,struct,PaintFillRoundedRect,28,4,7,radiant/render.hpp,1292
radiant,struct,PaintFillPath,64,8,6,radiant/render.hpp,1298
radiant,struct,PaintStrokePath,96,8,12,radiant/render.hpp,1307
radiant,struct,PaintFillLinearGradient,200,8,16,radiant/render.hpp,1322
radiant,struct,PaintFillRadialGradient,200,8,15,radiant/render.hpp,1338
radiant,struct,PaintDrawImage,88,8,12,radiant/render.hpp,1354
radiant,struct,PaintDrawImageResource,72,8,9,radiant/render.hpp,1364
radiant,struct,PaintDrawGlyph,120,8,10,radiant/render.hpp,1374
radiant,struct,PaintDrawPicture,48,8,4,radiant/render.hpp,1386
radiant,struct,PaintVideoPlaceholder,56,8,9,radiant/render.hpp,1393
radiant,struct,PaintWebviewLayerPlaceholder,56,8,8,radiant/render.hpp,1402
radiant,struct,PaintPushClip,48,8,3,radiant/render.hpp,1410
radiant,struct,PaintPushTransform,36,4,1,radiant/render.hpp,1416
radiant,struct,PaintSaveBackdrop,16,4,4,radiant/render.hpp,1422
radiant,struct,PaintCompositeOpacity,24,4,6,radiant/render.hpp,1426
radiant,struct,PaintApplyBlendMode,20,4,5,radiant/render.hpp,1432
radiant,struct,PaintApplyFilter,48,8,7,radiant/render.hpp,1437
radiant,struct,PaintBoxBlurRegion,180,4,12,radiant/render.hpp,1444
radiant,struct,PaintBoxBlurInset,28,4,7,radiant/render.hpp,1456
radiant,struct,PaintShadowClipSave,16,4,4,radiant/render.hpp,1463
radiant,struct,PaintShadowClipRestore,96,4,7,radiant/render.hpp,1467
radiant,struct,PaintOuterShadow,192,4,14,radiant/render.hpp,1474
radiant,struct,PaintFillSurfaceRect,56,8,9,radiant/render.hpp,1485
radiant,struct,PaintBlitSurfaceScaled,72,8,12,radiant/render.hpp,1494
radiant,struct,PaintEffectGroup,96,8,11,radiant/render.hpp,1510
radiant,struct,PaintSvgSubscene,176,8,25,radiant/render.hpp,1526
radiant,struct,PaintGlyphRun,168,8,20,radiant/render.hpp,1563
radiant,struct,PaintCmd,208,8,2,radiant/render.hpp,1600
radiant,union,(anonymous),200,8,29,radiant/render.hpp,1602
radiant,struct,PaintList,40,8,0,radiant/render.hpp,1639
radiant,struct,PaintIrValidationResult,32,8,7,radiant/render.hpp,1649
radiant,struct,PaintSvgLoweringOptions,24,8,4,radiant/render.hpp,1791
radiant,struct,PaintSvgLoweringStats,16,4,4,radiant/render.hpp,1798
radiant,struct,PaintSvgLoweringState,32,4,8,radiant/render.hpp,1805
radiant,struct,RetainedDisplayListStats,32,4,8,radiant/render.hpp,1837
radiant,struct,RenderContext,136,8,4,radiant/render.hpp,1894
radiant,struct,RasterRenderContext,416,8,20,radiant/render.hpp,1901
radiant,struct,RenderFrameScope,120,8,4,radiant/render.hpp,1948
radiant,struct,RenderElementMarkerScope,4,4,1,radiant/render.hpp,1964
radiant,struct,IRect,16,4,4,radiant/render.hpp,1997
radiant,struct,RadiantStackPaintEntry,32,8,5,radiant/render.hpp,2025
radiant,struct,RadiantStackPaintList,16,8,2,radiant/render.hpp,2033
radiant,struct,RenderBackend,176,8,22,radiant/render.hpp,2038
radiant,struct,RenderWalkState,40,8,5,radiant/render.hpp,2112
radiant,struct,DisplayReplayDirtyClip,32,8,3,radiant/render.hpp,2293
radiant,enum,DisplayReplayVectorResult,4,4,3,radiant/render.hpp,2306
radiant,struct,DisplayReplayBackdropStack,1032,8,4,radiant/render.hpp,2344
radiant,struct,DisplayReplayShadowClip,72,8,4,radiant/render.hpp,2378
radiant,struct,Tile,48,8,10,radiant/render.hpp,2478
radiant,struct,TileGrid,56,8,9,radiant/render.hpp,2490
radiant,struct,TileJob,24,8,4,radiant/render.hpp,2522
radiant,struct,WorkerState,88,8,4,radiant/render.hpp,2530
radiant,struct,RenderPool,208,8,10,radiant/render.hpp,2540
radiant,struct,GifAnimation,56,8,10,radiant/render.hpp,2721
radiant,struct,LottiePlayer,64,8,11,radiant/render.hpp,2777
radiant,struct,RenderPaintBlockDriver,1,1,0,radiant/render.hpp,2869
radiant,struct,RenderPaintBlockOps,40,8,5,radiant/render.hpp,2871
radiant,struct,RenderPaintBlockResult,16,8,2,radiant/render.hpp,2879
radiant,struct,BoundaryLinearGradientPaint,40,8,7,radiant/render.hpp,2896
radiant,struct,BoundaryRadialGradientPaint,40,8,6,radiant/render.hpp,2906
radiant,struct,PaintRecordTarget,24,8,3,radiant/render.hpp,2925
radiant,enum,RenderProfileZone,4,4,18,radiant/render.hpp,3387
radiant,struct,RenderProfiler,256,8,32,radiant/render.hpp,3408
radiant,struct,RenderPathTrace,112,8,36,radiant/render.hpp,3444
radiant,struct,RenderTransformScope,64,8,7,radiant/render.hpp,3518
radiant,struct,RenderClipScope,56,8,5,radiant/render.hpp,3551
radiant,enum,RenderCompositeRegionMode,4,4,4,radiant/render.hpp,3568
radiant,enum,RdtSvgFilterKind,4,4,15,radiant/render.hpp,3648
radiant,enum,RdtSvgFilterInput,4,4,7,radiant/render.hpp,3655
radiant,struct,RdtSvgFilterLight,60,4,10,radiant/render.hpp,3661
radiant,struct,RdtSvgFilterNode,248,8,16,radiant/render.hpp,3667
radiant,struct,RdtSvgFilterProgram,104,8,14,radiant/render.hpp,3683
radiant,struct,RdtSvgFilterHost,1,1,0,radiant/render.hpp,3697
radiant,struct,RdtSvgFilterRun,224,8,17,radiant/render.hpp,3698
radiant,struct,RenderEffectBackdrop,40,8,7,radiant/render.hpp,3797
radiant,struct,RenderEffectGroup,160,8,11,radiant/render.hpp,3807
radiant,struct,RenderPageSnapshotCacheStats,40,8,5,radiant/render.hpp,3868
radiant,struct,PaintImageBox,56,8,6,radiant/render.hpp,3920
radiant,enum,RenderOutputKind,4,4,6,radiant/render.hpp,3948
radiant,struct,RenderPagedOptions,64,8,5,radiant/render.hpp,3957
radiant,struct,RenderOutputTarget,64,8,12,radiant/render.hpp,3971
radiant,struct,RenderExportSession,88,8,19,radiant/render.hpp,3986
radiant,struct,RasterPaintContext,32,8,4,radiant/render.hpp,4062
radiant,struct,SvgIntrinsicSize,16,4,6,radiant/render.hpp,4122
radiant,enum,SvgPaintKind,4,4,6,radiant/render.hpp,4137
radiant,struct,SvgPaint,88,8,8,radiant/render.hpp,4146
radiant,struct,SvgContextPaint,240,8,6,radiant/render.hpp,4157
radiant,enum,SvgInheritedPropertyId,4,4,12,radiant/render.hpp,4165
radiant,struct,SvgInheritedProperty,80,8,4,radiant/render.hpp,4172
radiant,struct,SvgInlineRenderContext,1560,8,56,radiant/render.hpp,4179
radiant,struct,SvgInitialPaint,20,4,8,radiant/render.hpp,4275
radiant,struct,NodeOf,1,1,0,radiant/render.hpp,4381
radiant,struct,NodeOf,1,1,0,radiant/render.hpp,4382
radiant,struct,NodeOf,1,1,0,radiant/render.hpp,4383
radiant,struct,NodeOf,1,1,0,radiant/render.hpp,4384
radiant,struct,NodeOf,1,1,0,radiant/render.hpp,4385
radiant,struct,NodeOf,1,1,0,radiant/render.hpp,4386
radiant,struct,NodeOf,1,1,0,radiant/render.hpp,4387
radiant,struct,NodeOf,1,1,0,radiant/render.hpp,4388
radiant,struct,NodeOf,1,1,0,radiant/render.hpp,4389
radiant,struct,NodeOf,1,1,0,radiant/render.hpp,4390
radiant,struct,NodeOf,1,1,0,radiant/render.hpp,4391
radiant,struct,NodeOf,1,1,0,radiant/render.hpp,4392
radiant,struct,NodeOf,1,1,0,radiant/render.hpp,4393
radiant,struct,NodeOf,1,1,0,radiant/render.hpp,4394
radiant,struct,NodeOf,1,1,0,radiant/render.hpp,4395
radiant,struct,NodeOf,1,1,0,radiant/render.hpp,4396
radiant,struct,NodeOf,1,1,0,radiant/render.hpp,4397
radiant,struct,NodeOf,1,1,0,radiant/render.hpp,4398
radiant,struct,NodeOf,1,1,0,radiant/render.hpp,4399
radiant,struct,NodeOf,1,1,0,radiant/render.hpp,4400
radiant,struct,NodeOf,1,1,0,radiant/render.hpp,4401
radiant,struct,NodeOf,1,1,0,radiant/render.hpp,4402
radiant,struct,NodeOf,1,1,0,radiant/render.hpp,4403
radiant,struct,NodeOf,1,1,0,radiant/render.hpp,4404
radiant,struct,NodeOf,1,1,0,radiant/render.hpp,4405
radiant,struct,NodeOf,1,1,0,radiant/render.hpp,4406
radiant,struct,NodeOf,1,1,0,radiant/render.hpp,4407
radiant,struct,NodeOf,1,1,0,radiant/render.hpp,4408
radiant,struct,NodeOf,1,1,0,radiant/render.hpp,4409
radiant,struct,NodeOf,1,1,0,radiant/render.hpp,4410
radiant,struct,NodeOf,1,1,0,radiant/render.hpp,4411
radiant,struct,NodeOf,1,1,0,radiant/render.hpp,4412
radiant,struct,NodeOf,1,1,0,radiant/render.hpp,4413
radiant,struct,NodeOf,1,1,0,radiant/render.hpp,4414
radiant,struct,NodeOf,1,1,0,radiant/render.hpp,4415
radiant,struct,NodeOf,1,1,0,radiant/render.hpp,4416
radiant,struct,NodeOf,1,1,0,radiant/render.hpp,4417
radiant,struct,OuterShadowImage,24,8,5,radiant/render_background.cpp,1020
radiant,struct,BackgroundTilePlan,44,4,12,radiant/render_background.cpp,1571
radiant,struct,LinearGradientTileContext,40,8,4,radiant/render_background.cpp,1695
radiant,struct,RadialGradientTileContext,24,8,3,radiant/render_background.cpp,1708
radiant,struct,BackgroundImageTileContext,48,8,7,radiant/render_background.cpp,1826
radiant,struct,RenderBlockPhase,416,8,8,radiant/render_block.cpp,354
radiant,struct,RenderBlockChildrenPhase,72,8,3,radiant/render_block.cpp,365
radiant,struct,RenderBlockPaintResult,16,8,2,radiant/render_block.cpp,371
radiant,struct,RasterBlockPaintDriver,424,8,2,radiant/render_block.cpp,615
radiant,struct,BorderImageTileAxis,16,4,4,radiant/render_border.cpp,479
radiant,struct,RenderEffectRasterImage,24,8,5,radiant/render_effect_raster_fallback.hpp,15
radiant,struct,RenderEffectRasterFallback,144,8,4,radiant/render_effect_raster_fallback.hpp,23
radiant,struct,FilterPixelRegion,16,4,4,radiant/render_filter.cpp,184
radiant,struct,TextControlSelectionPaint,48,8,10,radiant/render_form.cpp,98
radiant,struct,FormControlBox,48,8,11,radiant/render_form.cpp,216
radiant,struct,FormGlyphRun,64,8,5,radiant/render_form.cpp,285
radiant,struct,FormGlyphStep,16,8,2,radiant/render_form.cpp,293
radiant,struct,TextControlDisplayText,64,8,11,radiant/render_form.cpp,519
radiant,struct,RenderGlyphPathWriter,24,8,4,radiant/render_glyph_path.cpp,6
radiant,struct,RenderOutputClearResult,16,8,2,radiant/render_output.cpp,30
radiant,struct,RenderOutputReplayResult,12,4,3,radiant/render_output.cpp,35
radiant,struct,RenderExportHtmlRequest,16,8,2,radiant/render_output.cpp,75
radiant,struct,RenderExportTransformRequest,32,8,5,radiant/render_output.cpp,80
radiant,enum,RenderPagedOptionCode,1,1,15,radiant/render_output.cpp,211
radiant,struct,RenderPagedOptionInfo,16,8,3,radiant/render_output.cpp,216
radiant,struct,RenderPageSnapshotEntry,80,8,10,radiant/render_output.cpp,739
radiant,struct,RenderPageSnapshotCache,88,8,7,radiant/render_output.cpp,749
radiant,struct,SelectionPaintCtx,32,8,7,radiant/render_overlay.cpp,11
radiant,struct,RenderPathTransform,32,8,6,radiant/render_path.cpp,11
radiant,struct,RenderPathMetricBuilder,32,8,7,radiant/render_path.cpp,345
radiant,struct,PdfPaintLoweringState,2636,4,13,radiant/render_pdf.cpp,29
radiant,struct,PdfRenderContext,3192,8,17,radiant/render_pdf.cpp,47
radiant,struct,PdfPathContext,40,8,8,radiant/render_pdf.cpp,278
radiant,struct,SvgRenderContext,584,8,15,radiant/render_svg.cpp,28
radiant,struct,SvgFilterRegistry,48,8,6,radiant/render_svg_filter.cpp,9
radiant,struct,RdtSvgFilterNoise,34952,8,2,radiant/render_svg_filter.cpp,23
radiant,struct,SvgFilterNoiseFrame,56,8,4,radiant/render_svg_filter.cpp,65
radiant,struct,SvgFilterImage,32,8,3,radiant/render_svg_filter.cpp,280
radiant,struct,SvgFilterExecution,200,8,8,radiant/render_svg_filter.cpp,286
radiant,struct,SvgImageResolverEntry,16,8,2,radiant/render_svg_inline.cpp,55
radiant,struct,SvgImageResolverRegistry,24,8,3,radiant/render_svg_inline.cpp,60
radiant,struct,SvgStyleProperty,40,8,5,radiant/render_svg_inline.cpp,468
radiant,struct,SvgStyleEntry,48,8,6,radiant/render_svg_inline.cpp,476
radiant,struct,SvgStyleContext,88,8,11,radiant/render_svg_inline.cpp,490
radiant,struct,SvgResourceDocument,120,8,5,radiant/render_svg_inline.cpp,504
radiant,struct,SvgVariableContext,16,8,2,radiant/render_svg_inline.cpp,702
radiant,struct,SvgPropertyDefault,24,8,3,radiant/render_svg_inline.cpp,772
radiant,struct,SvgGradDef,144,8,13,radiant/render_svg_inline.cpp,1609
radiant,struct,SvgElemDef,136,8,2,radiant/render_svg_inline.cpp,1618
radiant,struct,SvgDefTable,16,8,3,radiant/render_svg_inline.cpp,1623
radiant,struct,SvgResourceReference,16,8,2,radiant/render_svg_inline.cpp,1679
radiant,struct,SvgUseResourceCache,24,8,3,radiant/render_svg_inline.cpp,1702
radiant,struct,SvgPaintResourceScope,16,8,2,radiant/render_svg_inline.cpp,2078
radiant,struct,SvgPatternSample,48,8,2,radiant/render_svg_inline.cpp,2264
radiant,struct,SvgRadialSample,48,8,3,radiant/render_svg_inline.cpp,2278
radiant,struct,SvgSegmentTangents,16,4,4,radiant/render_svg_inline.cpp,2509
radiant,struct,SvgPathVertex,40,8,8,radiant/render_svg_inline.cpp,2510
radiant,struct,SvgPathTopology,56,8,3,radiant/render_svg_inline.cpp,2515
radiant,struct,SvgSimpleRectPath,16,4,4,radiant/render_svg_inline.cpp,2886
radiant,struct,SvgPathEmitContext,88,8,11,radiant/render_svg_inline.cpp,3119
radiant,struct,SvgTopologyVisitor,24,8,5,radiant/render_svg_inline.cpp,3327
radiant,struct,SvgGlyphFont,56,8,6,radiant/render_svg_inline.cpp,4022
radiant,struct,SvgGroupScope,1160,8,18,radiant/render_svg_inline.cpp,4231
radiant,struct,SvgTextStyle,352,8,21,radiant/render_svg_inline.cpp,4253
radiant,struct,SvgTextAdjust,24,4,9,radiant/render_svg_inline.cpp,4275
radiant,struct,SvgTextPositionList,16,8,2,radiant/render_svg_inline.cpp,4283
radiant,struct,SvgTextPositionScope,96,8,3,radiant/render_svg_inline.cpp,4289
radiant,struct,SvgTextFont,288,8,5,radiant/render_svg_inline.cpp,4296
radiant,struct,SvgTextRun,144,8,21,radiant/render_svg_inline.cpp,4304
radiant,struct,SvgTextPathData,48,8,5,radiant/render_svg_inline.cpp,4324
radiant,struct,SvgTextLayout,152,8,19,radiant/render_svg_inline.cpp,4330
radiant,struct,SvgTextWarpContext,32,8,6,radiant/render_svg_inline.cpp,4961
radiant,struct,SvgTextColorWarpSample,112,8,10,radiant/render_svg_inline.cpp,5128
radiant,struct,SvgTextDrawScope,16,8,4,radiant/render_svg_inline.cpp,5286
radiant,struct,SvgForeignObjectPaint,40,8,4,radiant/render_svg_inline.cpp,5982
radiant,struct,SvgHtmlScratchScope,8,8,1,radiant/render_svg_inline.cpp,5989
radiant,struct,SvgMaskRegion,52,4,5,radiant/render_svg_inline.cpp,6239
radiant,struct,SvgFilterImageContext,1592,8,4,radiant/render_svg_inline.cpp,6571
radiant,struct,SvgFilterPaintContext,1600,8,5,radiant/render_svg_inline.cpp,6624
radiant,struct,SvgFilterSourceContext,1584,8,4,radiant/render_svg_inline.cpp,6675
radiant,struct,SvgExportOutput,16,8,2,radiant/render_svg_inline.cpp,7079
radiant,struct,SvgLayerEntry,120,8,14,radiant/render_svg_inline.cpp,7451
radiant,struct,SvgLayerRegistry,32,8,4,radiant/render_svg_inline.cpp,7469
radiant,enum,SvgLayerMode,4,4,3,radiant/render_svg_inline.cpp,7479
radiant,struct,SkipInkGap,8,4,2,radiant/render_text.cpp,586
radiant,struct,RenderWalkBlockPhase,32,8,8,radiant/render_walk.cpp,18
radiant,struct,RenderWalkBlockDriver,48,8,3,radiant/render_walk.cpp,29
radiant,struct,FilterAmountSpec,16,8,3,radiant/resolve_css_style.cpp,50
radiant,struct,CssBackgroundComponent,8,4,3,radiant/resolve_css_style.cpp,688
radiant,enum,CssBorderSidePart,1,1,3,radiant/resolve_css_style.cpp,754
radiant,struct,ResolvedInsetValue,12,4,3,radiant/resolve_css_style.cpp,992
radiant,struct,CssGridAxisSlots,64,8,8,radiant/resolve_css_style.cpp,1134
radiant,struct,CascadePriorityCollector,24,8,4,radiant/resolve_css_style.cpp,3129
radiant,struct,CascadeLayerScan,16,8,2,radiant/resolve_css_style.cpp,3136
radiant,struct,CssLayoutMathContext,16,8,2,radiant/resolve_css_style.cpp,3621
radiant,struct,CssFlexBasisValue,8,4,5,radiant/resolve_css_style.cpp,6464
radiant,struct,CssKeywordSlotSpec,16,8,2,radiant/resolve_css_style.cpp,7341
radiant,enum,CssSimpleKeywordTarget,1,1,4,radiant/resolve_css_style.cpp,7357
radiant,enum,CssSimpleKeywordRule,1,1,9,radiant/resolve_css_style.cpp,7364
radiant,struct,CssSimpleKeywordSpec,16,8,4,radiant/resolve_css_style.cpp,7376
radiant,struct,BorderImageSides,24,4,3,radiant/resolve_css_style.cpp,7598
radiant,struct,LayoutComponentCascade,40,8,6,radiant/resolve_css_style.cpp,8560
radiant,struct,HtmlDimensionAttr,8,4,2,radiant/resolve_htm_style.cpp,96
radiant,struct,HtmlDimensionPolicy,28,4,14,radiant/resolve_htm_style.cpp,319
radiant,struct,CssUrlResolveContext,16,8,2,radiant/resource_loaders.cpp,101
radiant,struct,CssUrlVisitContext,16,8,2,radiant/resource_loaders.cpp,117
radiant,struct,RetainedDisplayListFragment,160,8,7,radiant/retained_display_list.cpp,14
radiant,struct,RetainedDisplayListEntry,16,8,2,radiant/retained_display_list.cpp,26
radiant,struct,RetainedDisplayListCache,56,8,4,radiant/retained_display_list.cpp,35
radiant,struct,RdtLogicalPoint,8,4,2,radiant/scale.hpp,8
radiant,struct,RdtLogicalRect,16,4,4,radiant/scale.hpp,13
radiant,struct,RdtDevicePoint,8,4,2,radiant/scale.hpp,20
radiant,struct,RdtDeviceRect,16,4,4,radiant/scale.hpp,25
radiant,struct,RdtDevicePixelPoint,8,4,2,radiant/scale.hpp,32
radiant,struct,RdtDevicePixelSize,8,4,2,radiant/scale.hpp,37
radiant,enum,RdtHostYAxis,4,4,2,radiant/scale.hpp,42
radiant,struct,RdtHostWindowMetrics,16,4,4,radiant/scale.hpp,47
radiant,struct,RdtHostRect,16,4,4,radiant/scale.hpp,54
radiant,enum,JsScriptTaskKind,4,4,3,radiant/script_runner.cpp,298
radiant,enum,JsScriptTaskScheduling,4,4,4,radiant/script_runner.cpp,304
radiant,enum,JsScriptCompilePolicy,4,4,4,radiant/script_runner.cpp,311
radiant,enum,JsScriptTaskStatus,4,4,10,radiant/script_runner.cpp,318
radiant,struct,JsScriptTask,96,8,22,radiant/script_runner.cpp,331
radiant,struct,EventHandlerAttribute,16,8,2,radiant/script_runner.cpp,356
radiant,struct,JsScriptTaskCollection,96,8,17,radiant/script_runner.cpp,387
radiant,struct,JsScriptSchedulerQueues,24,8,3,radiant/script_runner.cpp,407
radiant,class,DocumentCurrentScriptScope,24,8,3,radiant/script_runner.cpp,1911
radiant,struct,InlineHandlerInstallEntry,32,8,4,radiant/script_runner.cpp,2753
radiant,struct,InlineHandlerInstallCollection,24,8,3,radiant/script_runner.cpp,2760
radiant,struct,ScrollConfig,28,4,7,radiant/scroller.cpp,9
radiant,struct,ScrollHandleGeometry,16,4,4,radiant/scroller.cpp,28
radiant,struct,ScrollSmoothTickContext,32,8,4,radiant/scroller.cpp,273
radiant,struct,ScrollSnapSearch,104,8,25,radiant/scroller.cpp,313
radiant,struct,PathTableEntry,32,8,3,radiant/source_pos_bridge.cpp,142
radiant,struct,SourcePathBridgeState,8,8,1,radiant/source_pos_bridge.cpp,158
radiant,struct,TransitionDepthScope,8,8,1,radiant/state_machine.cpp,33
radiant,struct,DumpNodeState,56,8,8,radiant/state_store.cpp,87
radiant,struct,StateDumpLog,640,8,6,radiant/state_store.cpp,101
radiant,enum,(anonymous),4,4,19,radiant/state_store.cpp,113
radiant,struct,DumpBuildContext,32,8,4,radiant/state_store.cpp,135
radiant,enum,StateTransitionScalarKind,4,4,3,radiant/state_store.cpp,3151
radiant,struct,StateTransitionScalarValue,16,4,4,radiant/state_store.cpp,3157
radiant,enum,ViewStateFlagKind,4,4,3,radiant/state_store.cpp,3752
radiant,enum,FormConstraintKind,4,4,3,radiant/state_store.cpp,5022
radiant,struct,CaretNavigationPosition,24,8,5,radiant/state_store.cpp,6208
radiant,struct,CaretSnapshotFields,48,8,10,radiant/state_store.cpp,6959
radiant,struct,SelectionSnapshotFields,72,8,15,radiant/state_store.cpp,7096
radiant,struct,StateStoreTextExtraction,16,8,2,radiant/state_store.cpp,8164
radiant,struct,SelectionPresentation,64,8,14,radiant/state_store_internal.hpp,9
radiant,struct,FocusState,24,8,6,radiant/state_store_internal.hpp,29
radiant,struct,ImageEntry,24,8,3,radiant/surface.cpp,24
radiant,struct,SvgImageIntrinsicMetadata,16,4,6,radiant/surface.cpp,65
radiant,struct,SvgAnimatedValue,40,8,6,radiant/svg_animation.cpp,18
radiant,struct,SvgAnimatedTarget,32,8,3,radiant/svg_animation.cpp,27
radiant,struct,SvgAnimationInstanceTime,32,8,5,radiant/svg_animation.cpp,36
radiant,struct,SvgAnimationControl,120,8,14,radiant/svg_animation.cpp,44
radiant,struct,SvgAnimationUseInstance,48,8,4,radiant/svg_animation.cpp,65
radiant,struct,SvgTimeline,72,8,10,radiant/svg_animation.cpp,71
radiant,struct,SvgAnimationRegistry,248,8,30,radiant/svg_animation.cpp,84
radiant,struct,SvgAnimationWorkScope,32,8,4,radiant/svg_animation.cpp,120
radiant,struct,SvgAnimationScan,24,8,4,radiant/svg_animation.cpp,611
radiant,struct,SvgImageAnimation,24,8,3,radiant/svg_animation.cpp,743
radiant,struct,SvgAnimationVector,40,8,9,radiant/svg_animation.cpp,989
radiant,enum,SvgAnimationValueClass,4,4,11,radiant/svg_animation.cpp,1047
radiant,struct,SvgAnimationInterval,32,8,4,radiant/svg_animation.cpp,1563
radiant,struct,SvgAnimationReference,1048,8,4,radiant/svg_animation.cpp,1570
radiant,struct,SvgAnimationTimingEntry,8224,8,6,radiant/svg_animation.cpp,1638
radiant,struct,SvgAnimationTimingQuery,64,8,6,radiant/svg_animation.cpp,1647
radiant,struct,SvgAnimationNotification,40,8,4,radiant/svg_animation.cpp,2106
radiant,struct,SvgAnimationCandidate,64,8,6,radiant/svg_animation.cpp,2313
radiant,struct,SvgAnimationSourceScope,24,8,3,radiant/svg_animation.hpp,38
radiant,struct,TypesetTargetIndex,16,8,2,radiant/typeset.cpp,7
radiant,struct,TypesetRecord,8,8,1,radiant/typeset.hpp,8
radiant,enum,TypesetOffsetUnit,1,1,3,radiant/typeset.hpp,9
radiant,struct,TypesetSource,40,8,5,radiant/typeset.hpp,10
radiant,struct,TypesetMetrics,40,8,6,radiant/typeset.hpp,16
radiant,struct,TypesetGlue,16,4,7,radiant/typeset.hpp,22
radiant,enum,TypesetBreakLegality,1,1,3,radiant/typeset.hpp,28
radiant,enum,TypesetBreakScope,1,1,3,radiant/typeset.hpp,29
radiant,struct,TypesetBreak,12,4,4,radiant/typeset.hpp,30
radiant,enum,TypesetItemKind,1,1,3,radiant/typeset.hpp,37
radiant,struct,TypesetItem,160,8,10,radiant/typeset.hpp,38
radiant,struct,TypesetResume,56,8,4,radiant/typeset.hpp,50
radiant,struct,TypesetPacking,12,4,4,radiant/typeset.hpp,55
radiant,struct,TypesetLineCandidate,88,8,14,radiant/typeset.hpp,61
radiant,struct,TypesetParagraph,64,8,8,radiant/typeset.hpp,78
radiant,enum,TypesetStatus,1,1,8,radiant/typeset.hpp,89
radiant,enum,TypesetContributionKind,1,1,9,radiant/typeset.hpp,106
radiant,enum,TypesetRegionKind,1,1,4,radiant/typeset.hpp,113
radiant,struct,TypesetContribution,160,8,10,radiant/typeset.hpp,115
radiant,struct,TypesetFlowProvider,48,8,6,radiant/typeset.hpp,127
radiant,enum,TypesetAssemblyAction,1,1,3,radiant/typeset.hpp,136
radiant,struct,TypesetPageCandidate,160,8,9,radiant/typeset.hpp,137
radiant,struct,TypesetPagePolicy,32,8,4,radiant/typeset.hpp,144
radiant,struct,TypesetPageConstraints,24,8,3,radiant/typeset.hpp,161
radiant,struct,TypesetPageProbe,16,8,2,radiant/typeset.hpp,166
radiant,struct,TypesetPagePlan,208,8,9,radiant/typeset.hpp,171
radiant,struct,TypesetTarget,64,8,4,radiant/typeset.hpp,188
radiant,struct,TypesetTargetStore,64,8,8,radiant/typeset.hpp,194
radiant,struct,TypesetPassSignature,16,8,2,radiant/typeset.hpp,206
radiant,struct,TypesetConvergence,40,8,5,radiant/typeset.hpp,207
radiant,enum,TypesetMarkKind,1,1,3,radiant/typeset_marks.hpp,5
radiant,enum,TypesetMarkSelection,1,1,4,radiant/typeset_marks.hpp,6
radiant,struct,TypesetMark,80,8,7,radiant/typeset_marks.hpp,9
radiant,struct,TypesetMarkCheckpoint,24,8,3,radiant/typeset_marks.hpp,18
radiant,struct,TypesetMarkStore,48,8,6,radiant/typeset_marks.hpp,19
radiant,struct,TypesetRegionConstraints,40,8,10,radiant/typeset_regions.hpp,6
radiant,struct,TypesetRegionSlice,112,8,4,radiant/typeset_regions.hpp,16
radiant,struct,TypesetRegionMaterial,136,8,9,radiant/typeset_regions.hpp,22
radiant,struct,TypesetRegionPending,72,8,3,radiant/typeset_regions.hpp,35
radiant,struct,TypesetRegionQueue,56,8,7,radiant/typeset_regions.hpp,40
radiant,struct,TypesetRegionPlacement,192,8,4,radiant/typeset_regions.hpp,47
radiant,struct,TypesetRegionPlan,72,8,9,radiant/typeset_regions.hpp,53
radiant,struct,TypesetRegionCheckpoint,32,8,4,radiant/typeset_regions.hpp,63
radiant,struct,UiRasterScaleWalk,8,4,2,radiant/ui_context.cpp,110
radiant,enum,PropGroupKind,1,1,11,radiant/view.hpp,28
radiant,enum,CssPropValueKind,1,1,7,radiant/view.hpp,42
radiant,enum,CssPropAccessorFlags,1,1,2,radiant/view.hpp,52
radiant,struct,CssPropAccessor,32,8,7,radiant/view.hpp,74
radiant,enum,AnimationType,4,4,5,radiant/view.hpp,131
radiant,enum,AnimationDirection,4,4,4,radiant/view.hpp,139
radiant,enum,AnimationFillMode,4,4,4,radiant/view.hpp,146
radiant,enum,AnimationPlayState,4,4,3,radiant/view.hpp,153
radiant,enum,TimingFunctionType,4,4,3,radiant/view.hpp,159
radiant,enum,StepPosition,4,4,4,radiant/view.hpp,165
radiant,struct,TimingFunction,72,8,2,radiant/view.hpp,173
radiant,union,(anonymous),64,8,2,radiant/view.hpp,175
radiant,struct,(anonymous),60,4,5,radiant/view.hpp,176
radiant,struct,(anonymous),16,8,2,radiant/view.hpp,180
radiant,struct,AnimationInstance,240,8,26,radiant/view.hpp,204
radiant,struct,AnimationScheduler,48,8,8,radiant/view.hpp,240
radiant,struct,RdtMatrix,36,4,9,radiant/view.hpp,278
radiant,struct,RdtMatrix4,64,4,1,radiant/view.hpp,286
radiant,enum,BackfaceCheck,4,4,3,radiant/view.hpp,342
radiant,enum,Visibility,4,4,3,radiant/view.hpp,567
radiant,enum,PositionType,4,4,2,radiant/view.hpp,568
radiant,enum,WritingMode,4,4,3,radiant/view.hpp,569
radiant,enum,TextDirection,4,4,2,radiant/view.hpp,570
radiant,enum,AlignType,4,4,9,radiant/view.hpp,582
radiant,struct,RadiantRect,16,4,4,radiant/view.hpp,611
radiant,struct,Rect,16,4,4,radiant/view.hpp,611
radiant,struct,Bound,16,4,4,radiant/view.hpp,617
radiant,enum,ImageFormat,4,4,6,radiant/view.hpp,621
radiant,enum,ScaleMode,4,4,4,radiant/view.hpp,630
radiant,enum,ImageAlphaMode,4,4,2,radiant/view.hpp,637
radiant,struct,ImageSurface,160,8,29,radiant/view.hpp,643
radiant,struct,ImageSurfaceReadScope,1,1,0,radiant/view.hpp,698
radiant,struct,FontProp,152,8,41,radiant/view.hpp,738
radiant,struct,GridItemProp,144,8,36,radiant/view.hpp,845
radiant,struct,IntrinsicSizes,20,4,7,radiant/view.hpp,899
radiant,struct,FlexAnonymousTextRun,24,8,5,radiant/view.hpp,921
radiant,struct,FlexItemProp,120,8,33,radiant/view.hpp,931
radiant,struct,InlineProp,76,4,28,radiant/view.hpp,987
radiant,struct,Spacing,48,8,2,radiant/view.hpp,1019
radiant,union,(anonymous),16,4,2,radiant/view.hpp,1020
radiant,struct,(anonymous),16,4,4,radiant/view.hpp,1021
radiant,struct,Margin,56,8,1,radiant/view.hpp,1031
radiant,union,(anonymous),8,2,2,radiant/view.hpp,1032
radiant,struct,(anonymous),8,2,4,radiant/view.hpp,1033
radiant,struct,Corner,72,8,5,radiant/view.hpp,1039
radiant,union,(anonymous),16,4,2,radiant/view.hpp,1040
radiant,struct,(anonymous),16,4,4,radiant/view.hpp,1041
radiant,enum,GradientType,4,4,4,radiant/view.hpp,1098
radiant,enum,BorderImageComponentKind,1,1,4,radiant/view.hpp,1107
radiant,struct,BorderProp,312,8,20,radiant/view.hpp,1115
radiant,union,(anonymous),8,2,2,radiant/view.hpp,1117
radiant,struct,(anonymous),8,2,4,radiant/view.hpp,1118
radiant,enum,CssBoxSide,1,1,4,radiant/view.hpp,1155
radiant,struct,RadiantBorderSide,48,8,6,radiant/view.hpp,1270
radiant,struct,GradientStop,8,4,2,radiant/view.hpp,1321
radiant,struct,LinearGradient,24,8,6,radiant/view.hpp,1328
radiant,enum,RadialShape,4,4,2,radiant/view.hpp,1338
radiant,enum,RadialSize,4,4,4,radiant/view.hpp,1344
radiant,struct,RadialGradient,40,8,11,radiant/view.hpp,1353
radiant,struct,ConicGradient,40,8,10,radiant/view.hpp,1366
radiant,struct,ListStyleImage,40,8,5,radiant/view.hpp,1380
radiant,struct,BackgroundProp,112,8,28,radiant/view.hpp,1389
radiant,struct,MaskProp,20,4,5,radiant/view.hpp,1427
radiant,struct,BoxShadow,32,8,7,radiant/view.hpp,1440
radiant,struct,OutlineProp,16,4,4,radiant/view.hpp,1455
radiant,struct,TextShadow,24,8,5,radiant/view.hpp,1467
radiant,struct,TransformLengthTerm,24,8,3,radiant/view.hpp,1482
radiant,struct,TransformFunction,112,8,7,radiant/view.hpp,1490
radiant,union,(anonymous),64,4,10,radiant/view.hpp,1492
radiant,struct,(anonymous),8,4,2,radiant/view.hpp,1493
radiant,struct,(anonymous),12,4,3,radiant/view.hpp,1494
radiant,struct,(anonymous),8,4,2,radiant/view.hpp,1495
radiant,struct,(anonymous),12,4,3,radiant/view.hpp,1496
radiant,struct,(anonymous),8,4,2,radiant/view.hpp,1498
radiant,struct,(anonymous),24,4,6,radiant/view.hpp,1499
radiant,struct,(anonymous),16,4,4,radiant/view.hpp,1500
radiant,struct,TransformMatrixInterpolation,24,8,3,radiant/view.hpp,1513
radiant,enum,TransformFunctionOwner,4,4,2,radiant/view.hpp,1518
radiant,struct,TransformProp,384,8,15,radiant/view.hpp,1528
radiant,enum,FilterFunctionType,4,4,12,radiant/view.hpp,1562
radiant,struct,FilterFunction,32,8,3,radiant/view.hpp,1578
radiant,union,(anonymous),16,8,5,radiant/view.hpp,1580
radiant,struct,(anonymous),16,4,4,radiant/view.hpp,1584
radiant,struct,FilterProp,8,8,1,radiant/view.hpp,1598
radiant,enum,ColumnSpan,4,4,2,radiant/view.hpp,1606
radiant,enum,ColumnFill,4,4,2,radiant/view.hpp,1611
radiant,enum,ColumnWrap,4,4,3,radiant/view.hpp,1616
radiant,struct,MultiColumnProp,72,4,19,radiant/view.hpp,1623
radiant,struct,BoundaryProp,224,8,14,radiant/view.hpp,1653
radiant,struct,VectorPathSegment,40,8,8,radiant/view.hpp,1691
radiant,enum,(anonymous),4,4,4,radiant/view.hpp,1692
radiant,struct,VectorPathProp,40,8,8,radiant/view.hpp,1700
radiant,struct,PositionProp,136,8,28,radiant/view.hpp,1712
radiant,union,(anonymous),16,4,2,radiant/view.hpp,1714
radiant,struct,(anonymous),16,4,4,radiant/view.hpp,1715
radiant,struct,RadiantInsetSide,24,8,3,radiant/view.hpp,1755
radiant,struct,MarkerProp,112,8,19,radiant/view.hpp,1772
radiant,struct,PseudoContentProp,32,8,6,radiant/view.hpp,1806
radiant,enum,TextAutospaceFlags,1,1,3,radiant/view.hpp,1816
radiant,struct,CssSelfAlignment,6,2,5,radiant/view.hpp,1827
radiant,struct,BlockProp,384,8,108,radiant/view.hpp,2055
radiant,struct,FontBox,16,8,2,radiant/view.hpp,2175
radiant,struct,TextRect,64,8,12,radiant/view.hpp,2185
radiant,struct,ViewText,120,8,0,radiant/view.hpp,2197
radiant,struct,ViewMarker,376,8,0,radiant/view.hpp,2208
radiant,struct,ViewElement,376,8,0,radiant/view.hpp,2212
radiant,struct,ScrollPane,32,8,7,radiant/view.hpp,2238
radiant,struct,ScrollSpacingValue,16,8,3,radiant/view.hpp,2249
radiant,enum,ScrollSnapAxis,4,4,7,radiant/view.hpp,2255
radiant,struct,ScrollProp,208,8,25,radiant/view.hpp,2266
radiant,struct,FlexProp,52,4,14,radiant/view.hpp,2288
radiant,struct,GridProp,112,8,21,radiant/view.hpp,2311
radiant,struct,EmbedProp,88,8,16,radiant/view.hpp,2346
radiant,struct,ViewBlock,376,8,0,radiant/view.hpp,2366
radiant,struct,ViewGeometryTextHit,24,8,3,radiant/view.hpp,2386
radiant,struct,TableProp,44,4,15,radiant/view.hpp,2479
radiant,enum,(anonymous),4,4,2,radiant/view.hpp,2481
radiant,enum,(anonymous),4,4,2,radiant/view.hpp,2487
radiant,enum,(anonymous),4,4,2,radiant/view.hpp,2493
radiant,struct,ViewTable,376,8,0,radiant/view.hpp,2529
radiant,enum,TableSectionType,4,4,3,radiant/view.hpp,2568
radiant,struct,ViewTableRowGroup,376,8,0,radiant/view.hpp,2575
radiant,struct,ViewTableRow,376,8,0,radiant/view.hpp,2592
radiant,struct,CollapsedBorder,16,4,4,radiant/view.hpp,2611
radiant,struct,TableCellProp,72,8,17,radiant/view.hpp,2623
radiant,enum,(anonymous),4,4,4,radiant/view.hpp,2625
radiant,struct,ViewTableCell,376,8,0,radiant/view.hpp,2665
radiant,struct,CanonicalPropStats,72,8,9,radiant/view.hpp,2813
radiant,struct,ViewTree,232,8,23,radiant/view.hpp,2826
radiant,struct,NodeOf,1,1,0,radiant/view.hpp,2868
radiant,struct,NodeOf,1,1,0,radiant/view.hpp,2871
radiant,struct,NodeOf,1,1,0,radiant/view.hpp,2872
radiant,struct,NodeOf,1,1,0,radiant/view.hpp,2873
radiant,struct,NodeOf,1,1,0,radiant/view.hpp,2874
radiant,struct,NodeOf,1,1,0,radiant/view.hpp,2875
radiant,struct,NodeOf,1,1,0,radiant/view.hpp,2876
radiant,struct,NodeOf,1,1,0,radiant/view.hpp,2877
radiant,struct,NodeOf,1,1,0,radiant/view.hpp,2878
radiant,struct,NodeOf,1,1,0,radiant/view.hpp,2879
radiant,struct,NodeOf,1,1,0,radiant/view.hpp,2880
radiant,struct,NodeOf,1,1,0,radiant/view.hpp,2881
radiant,struct,NodeOf,1,1,0,radiant/view.hpp,2882
radiant,struct,NodeOf,1,1,0,radiant/view.hpp,2883
radiant,struct,NodeOf,1,1,0,radiant/view.hpp,2884
radiant,struct,NodeOf,1,1,0,radiant/view.hpp,2885
radiant,struct,NodeOf,1,1,0,radiant/view.hpp,2886
radiant,struct,NodeOf,1,1,0,radiant/view.hpp,2887
radiant,struct,NodeOf,1,1,0,radiant/view.hpp,2888
radiant,struct,NodeOf,1,1,0,radiant/view.hpp,2889
radiant,struct,NodeOf,1,1,0,radiant/view.hpp,2890
radiant,struct,NodeOf,1,1,0,radiant/view.hpp,2897
radiant,struct,NodeOf,1,1,0,radiant/view.hpp,2898
radiant,struct,BlockBlot,104,8,5,radiant/view.hpp,2931
radiant,struct,ListBlot,8,4,2,radiant/view.hpp,2939
radiant,enum,SymbolType,4,4,3,radiant/view.hpp,2972
radiant,struct,SymbolResolution,32,8,4,radiant/view.hpp,2982
radiant,struct,FontFaceSrc,16,8,2,radiant/view.hpp,3043
radiant,struct,FontFaceDescriptor,64,8,11,radiant/view.hpp,3053
radiant,enum,ClipShapeType,4,4,6,radiant/view.hpp,3129
radiant,struct,ClipShape,80,8,4,radiant/view.hpp,3139
radiant,union,(anonymous),32,8,5,radiant/view.hpp,3143
radiant,struct,(anonymous),24,8,3,radiant/view.hpp,3144
radiant,struct,(anonymous),12,4,3,radiant/view.hpp,3145
radiant,struct,(anonymous),16,4,4,radiant/view.hpp,3146
radiant,struct,(anonymous),24,4,6,radiant/view.hpp,3147
radiant,struct,(anonymous),32,4,8,radiant/view.hpp,3148
radiant,enum,FormControlType,4,4,10,radiant/view.hpp,3184
radiant,enum,FormInputKind,4,4,22,radiant/view.hpp,3200
radiant,enum,FormInputCapability,4,4,9,radiant/view.hpp,3225
radiant,struct,FormInputDescriptor,32,8,6,radiant/view.hpp,3237
radiant,struct,FormControlProp,272,8,67,radiant/view.hpp,3354
radiant,enum,CssAnimValueType,4,4,7,radiant/view.hpp,3542
radiant,struct,CssPropertyRuntimeMetadata,12,4,4,radiant/view.hpp,3552
radiant,enum,CssAnimComposite,4,4,3,radiant/view.hpp,3569
radiant,struct,CssAnimatedProp,40,8,5,radiant/view.hpp,3577
radiant,union,(anonymous),16,8,6,radiant/view.hpp,3582
radiant,struct,(anonymous),8,4,3,radiant/view.hpp,3585
radiant,struct,(anonymous),8,4,2,radiant/view.hpp,3590
radiant,struct,(anonymous),16,8,3,radiant/view.hpp,3595
radiant,struct,CssKeyframeStop,32,8,4,radiant/view.hpp,3608
radiant,struct,CssKeyframes,24,8,3,radiant/view.hpp,3616
radiant,struct,KeyframeRegistry,24,8,4,radiant/view.hpp,3627
radiant,struct,CssAnimProp,120,8,8,radiant/view.hpp,3645
radiant,struct,CssTransitionProp,88,8,3,radiant/view.hpp,3661
radiant,struct,CssTransitionList,32,8,1,radiant/view.hpp,3667
radiant,struct,CssAnimValueSample,56,8,3,radiant/view.hpp,3689
radiant,struct,CssAnimState,112,8,19,radiant/view.hpp,3695
radiant,struct,CssWebAnimationState,224,8,7,radiant/view.hpp,3721
radiant,struct,CssTransitionValue,8,4,1,radiant/view.hpp,3744
radiant,union,(anonymous),8,4,3,radiant/view.hpp,3745
radiant,struct,(anonymous),8,4,2,radiant/view.hpp,3748
radiant,struct,CssTransitionTrack,28,4,6,radiant/view.hpp,3758
radiant,struct,CssTransitionState,48,8,7,radiant/view.hpp,3769
radiant,struct,MultiValue,24,8,3,radiant/view.hpp,3881
radiant,class,CssTempDecl,120,8,1,radiant/view.hpp,3918
radiant,struct,MouseState,24,8,5,radiant/view.hpp,4081
radiant,enum,UiAppMode,4,4,2,radiant/view.hpp,4090
radiant,struct,UiContext,568,8,45,radiant/view.hpp,4096
radiant,struct,DocumentJsHostConfig,40,8,9,radiant/view.hpp,4214
radiant,struct,HtmlLoadPhaseTiming,136,8,19,radiant/view.hpp,4251
radiant,struct,LayoutLoaderHostScope,8,8,1,radiant/view.hpp,4299
radiant,struct,ViewMemoryDomain,192,8,25,radiant/view_memory_profile.cpp,13
radiant,enum,ViewTeardownFlag,4,4,5,radiant/view_pool.cpp,158
radiant,struct,ViewPropTeardownEntry,96,8,12,radiant/view_pool.cpp,171
radiant,struct,TextJsonCharPosition,12,4,3,radiant/view_pool.cpp,3394
radiant,struct,TextJsonLinePosition,12,4,3,radiant/view_pool.cpp,3400
radiant,struct,CanonicalInlineEntry,24,8,3,radiant/view_reuse.cpp,9
radiant,struct,TransformMatrix2dComponents,36,4,4,radiant/view_transform.cpp,353
radiant,struct,TransformMatrix3dComponents,68,4,5,radiant/view_transform.cpp,418
radiant,struct,ViewCssVariable,32,8,4,radiant/view_tree_css.cpp,10
radiant,struct,ViewVariableQuery,16,8,2,radiant/view_tree_css.cpp,17
radiant,struct,ViewCssPageContext,24,8,5,radiant/view_tree_css.cpp,19
radiant,struct,PageDeclarationWinner,160,8,4,radiant/view_tree_css.cpp,560
radiant,struct,PageStyleQuery,208,8,8,radiant/view_tree_css.cpp,567
radiant,enum,ViewBreak,1,1,7,radiant/view_tree_css.hpp,12
radiant,struct,ViewCssStyle,592,8,57,radiant/view_tree_css.hpp,17
radiant,struct,ViewCssContext,64,8,8,radiant/view_tree_css.hpp,54
radiant,struct,ViewPageAreaStyle,248,8,16,radiant/view_tree_css.hpp,65
radiant,struct,ViewPageStyle,1112,8,17,radiant/view_tree_css.hpp,83
radiant,struct,SourceStateEntry,16,8,2,radiant/view_tree_model.cpp,20
radiant,struct,ViewPageGeneration,32,8,4,radiant/view_tree_model.cpp,25
radiant,struct,ViewModelUndo,24,8,3,radiant/view_tree_model.cpp,59
radiant,struct,ViewModelCheckpoint,80,8,8,radiant/view_tree_model.cpp,61
radiant,enum,ViewPresentation,1,1,2,radiant/view_tree_model.hpp,29
radiant,struct,ViewEnvironment,40,8,9,radiant/view_tree_model.hpp,34
radiant,enum,LayoutViewKind,1,1,4,radiant/view_tree_model.hpp,44
radiant,struct,LayoutViewRef,16,8,3,radiant/view_tree_model.hpp,51
radiant,enum,ViewFragmentRole,1,1,6,radiant/view_tree_model.hpp,58
radiant,struct,LayoutViewNode,160,8,22,radiant/view_tree_model.hpp,62
radiant,struct,ViewNodeState,88,8,10,radiant/view_tree_model.hpp,85
radiant,enum,ViewPageSide,1,1,2,radiant/view_tree_model.hpp,98
radiant,struct,ViewPageBox,344,8,9,radiant/view_tree_model.hpp,103
radiant,struct,ViewPageRange,8,4,2,radiant/view_tree_model.hpp,115
radiant,struct,ViewPageSelection,24,8,3,radiant/view_tree_model.hpp,119
radiant,enum,ViewPageArrangement,1,1,2,radiant/view_tree_model.hpp,125
radiant,struct,ViewPreviewOptions,40,4,12,radiant/view_tree_model.hpp,130
radiant,struct,ViewPagePlacement,40,8,4,radiant/view_tree_model.hpp,142
radiant,enum,ViewModelStatus,1,1,6,radiant/view_tree_model.hpp,149
radiant,struct,ViewTreeModel,232,8,26,radiant/view_tree_model.hpp,161
radiant,struct,WebViewHandle,56,8,11,radiant/webview_handle_mac.h,34
radiant,struct,WebViewManager,24,8,4,radiant/webview_manager.cpp,19
radiant,struct,TrackedHandle,16,8,2,radiant/webview_manager.cpp,21
radiant,enum,RadiantJsLoopAction,4,4,2,radiant/window.cpp,67
radiant,enum,DocFormat,4,4,13,radiant/window.cpp,269
radiant,struct,ViewPhaseTiming,552,8,22,radiant/window.cpp,1043
unmapped,struct,DomOwnedDocumentResource,24,8,3,lambda/dom/dom.cpp,93
unmapped,struct,DomScrollOperationOverride,16,4,4,lambda/dom/dom.cpp,157
unmapped,struct,JsWebAnimationHost,8,8,1,lambda/dom/dom.cpp,307
unmapped,struct,JsWebKeyframeEffectHost,88,8,3,lambda/dom/dom.cpp,311
unmapped,struct,AttachedExpandoRoot,40,8,4,lambda/dom/dom.cpp,1456
unmapped,struct,AttachedExpandoEntry,16,8,2,lambda/dom/dom.cpp,1463
unmapped,struct,JsDomHtmlInterfaceEntry,16,8,2,lambda/dom/dom.cpp,2234
unmapped,enum,DomCollectionVArrayKind,4,4,16,lambda/dom/dom.cpp,2481
unmapped,struct,DomCollectionVArray,24,8,4,lambda/dom/dom.cpp,2500
unmapped,struct,DomStaticVArray,8,8,1,lambda/dom/dom.cpp,2850
unmapped,struct,ForeignDocCacheEntry,32,8,4,lambda/dom/dom.cpp,3321
unmapped,struct,IframeContentEntry,24,8,3,lambda/dom/dom.cpp,3329
unmapped,struct,JsDomForeignDocumentRuntimeState,2096,8,15,lambda/dom/dom.cpp,3342
unmapped,struct,DomPromptResponse,8,8,1,lambda/dom/dom.cpp,3977
unmapped,struct,DomAriaElementRef,32,8,4,lambda/dom/dom.cpp,4632
unmapped,enum,JsDomTreeWalkerStep,4,4,3,lambda/dom/dom.cpp,6091
unmapped,struct,JsUrlComponent,16,8,2,lambda/dom/dom.cpp,6348
unmapped,enum,JsDomPropId,4,4,165,lambda/dom/dom.cpp,6556
unmapped,struct,JsDomPropRow,16,8,2,lambda/dom/dom.cpp,6564
unmapped,enum,JsTextDataOperation,4,4,6,lambda/dom/dom.cpp,7401
unmapped,struct,SelectValidityScan,40,8,7,lambda/dom/dom.cpp,8372
unmapped,struct,FormResetCtx,24,8,3,lambda/dom/dom.cpp,8532
unmapped,struct,RadioGroupScanCtx,32,8,4,lambda/dom/dom.cpp,8602
unmapped,struct,DomValiditySnapshot,11,1,11,lambda/dom/dom.cpp,8637
unmapped,struct,DomInvalidDescendantScan,16,8,3,lambda/dom/dom.cpp,8892
unmapped,struct,DomFormUserValidityScan,16,8,2,lambda/dom/dom.cpp,8946
unmapped,enum,(anonymous),4,4,25,lambda/dom/dom.cpp,9092
unmapped,enum,JsDomReflectKind,4,4,4,lambda/dom/dom.cpp,9144
unmapped,struct,JsDomReflectSpec,32,8,5,lambda/dom/dom.cpp,9194
unmapped,struct,FormNamedGetterCtx,16,8,2,lambda/dom/dom.cpp,9389
unmapped,enum,JsSvgMatrixOperation,4,4,7,lambda/dom/dom.cpp,11800
unmapped,struct,JsDomSvgBounds,20,4,5,lambda/dom/dom.cpp,12086
unmapped,struct,JsDomSvgPathHitContext,128,8,36,lambda/dom/dom.cpp,12520
unmapped,struct,JsDomSvgShapeHit,152,8,8,lambda/dom/dom.cpp,12985
unmapped,enum,JsDomSvgPointerEventsMode,4,4,10,lambda/dom/dom.cpp,13333
unmapped,enum,JsDomChildNodePlacement,4,4,3,lambda/dom/dom.cpp,15201
unmapped,struct,JsDomRelativeArgument,24,8,3,lambda/dom/dom.cpp,15207
unmapped,enum,DomAdjacentSlot,4,4,3,lambda/dom/dom.cpp,15334
unmapped,enum,JsWebKeyframeValueKind,4,4,3,lambda/dom/dom.cpp,17486
unmapped,struct,JsWebKeyframeStop,64,8,5,lambda/dom/dom.cpp,17564
unmapped,struct,JsWebKeyframeBuilder,24,8,4,lambda/dom/dom.cpp,17572
unmapped,struct,dom_arity,1,1,0,lambda/dom/dom_api_check.cpp,25
unmapped,enum,DomOpId,4,4,329,lambda/dom/dom_api_check.cpp,32
unmapped,struct,JsCanvasRuntimeState,528,8,3,lambda/dom/dom_canvas.cpp,43
unmapped,enum,(anonymous),4,4,1,lambda/dom/dom_core.cpp,104
unmapped,enum,DomOpFlags,4,4,6,lambda/dom/dom_core.h,24
unmapped,enum,CssomCacheKind,4,4,8,lambda/dom/dom_cssom.cpp,72
unmapped,struct,CssomWrapperEntry,72,8,8,lambda/dom/dom_cssom.cpp,76
unmapped,struct,CssomWrapperIndex,24,8,3,lambda/dom/dom_cssom.cpp,86
unmapped,struct,CssomWrapperCache,40,8,5,lambda/dom/dom_cssom.cpp,91
unmapped,struct,CssomDocumentResource,16,8,2,lambda/dom/dom_cssom.cpp,98
unmapped,enum,CssomVArrayKind,4,4,2,lambda/dom/dom_cssom.cpp,788
unmapped,struct,CssomVArray,16,8,2,lambda/dom/dom_cssom.cpp,793
unmapped,struct,CssomRuleList,40,8,4,lambda/dom/dom_cssom.cpp,992
unmapped,struct,CssomDeclarationView,216,8,5,lambda/dom/dom_cssom.cpp,1545
unmapped,struct,CssomComputedNames,24,8,3,lambda/dom/dom_cssom.cpp,1597
unmapped,struct,DomComputedStyleHost,16,8,2,lambda/dom/dom_cssom.h,38
unmapped,struct,EventListener,40,8,9,lambda/dom/dom_events.cpp,357
unmapped,struct,NodeListeners,16,8,3,lambda/dom/dom_events.cpp,370
unmapped,struct,NodeListenerEntry,56,8,5,lambda/dom/dom_events.cpp,377
unmapped,struct,EventTargetIndexEntry,16,8,2,lambda/dom/dom_events.cpp,385
unmapped,struct,EventTypeCountEntry,16,8,2,lambda/dom/dom_events.cpp,393
unmapped,struct,JsDomEventRuntimeState,40,8,6,lambda/dom/dom_events.cpp,410
unmapped,struct,JsFetchWork,2600,8,22,lambda/dom/dom_fetch.cpp,63
unmapped,struct,JsFetchRuntimeState,5144,8,6,lambda/dom/dom_fetch.cpp,99
unmapped,struct,JsHistoryEventTask,32,8,6,lambda/dom/dom_history.cpp,21
unmapped,struct,JsHistoryRuntimeState,16,8,2,lambda/dom/dom_history.cpp,33
unmapped,struct,DomCatalogRow,40,8,5,lambda/dom/dom_module.cpp,39
unmapped,enum,JsObserverKind,4,4,3,lambda/dom/dom_observers.cpp,24
unmapped,struct,JsObserverTarget,776,8,19,lambda/dom/dom_observers.cpp,30
unmapped,struct,JsObserverState,152,8,12,lambda/dom/dom_observers.cpp,52
unmapped,struct,JsObserverRuntimeState,32,8,5,lambda/dom/dom_observers.cpp,76
unmapped,struct,StorageLoadContext,16,8,2,lambda/dom/dom_platform.cpp,422
unmapped,struct,RangeClientRectCollector,40,8,7,lambda/dom/dom_selection.cpp,458
unmapped,struct,XhrHeader,16,8,2,lambda/dom/dom_xhr.cpp,48
unmapped,struct,XhrState,128,8,19,lambda/dom/dom_xhr.cpp,53
unmapped,struct,JsXhrRuntimeState,24,8,4,lambda/dom/dom_xhr.cpp,83
